msa_name,msa_code,2014,2015,2016,2017,2018,2019,2020,2021
"Abilene, TX",10180,0.96869814344675,0.9646575536511084,0.9550254533215533,0.9702213448695871,0.983288260176132,1.0131571642702493,0.9645382341321199,0.9738609305187682
"Aguadilla-Isabela, PR",10380,0.3472388688368525,0.3428298800436205,0.3529144681173079,0.3388523099809912,0.3439106781891441,0.35516457096802834,0.34824223868040327,0.37251857370645536
"Akron, OH",10420,1.0761681899879008,1.080639708086936,1.0882145692576992,1.079978038648171,1.0791503711263097,1.0802708266791476,1.003154574132492,1.0094938999254208
"Albany, GA",10500,0.9296429326008874,0.9228652197974782,0.946995197702078,0.9256242409881223,0.9381931538876566,0.949050949050949,0.9010429572229856,0.9178549610358648
"Albany-Lebanon, OR",10540,0.8437449294174915,0.874445845365437,0.896870065190104,0.9098674930965294,0.9215774891434635,0.912611157595688,0.8480267070854358,0.877939868687442
"Albany-Schenectady-Troy, NY",10580,1.1403714136829466,1.152413092295919,1.1628341559797382,1.1532423768205384,1.1515674179748785,1.1435403913503235,1.051656148102031,1.0702755506844093
"Albuquerque, NM",10740,0.9956499454600413,1.0048275753620681,1.0116890035620645,1.004224526924935,1.0112813484433172,1.0204159511543598,0.9355026147588611,0.9977796454959419
"Alexandria, LA",10780,0.960331503410311,0.9593084545646215,0.9302046450219048,0.9183008472065881,0.911195317222771,0.9073319457066635,0.8941284092334251,0.9193660978181765
"Allentown-Bethlehem-Easton, PA-NJ",10900,1.0369543931826568,1.0525675523025277,1.0642975751719828,1.0634556159549797,1.0783424336305907,1.091229767018462,1.012204088461014,1.0581201759920398
"Altoona, PA",11020,1.0879840191199814,1.0945060438873713,1.0898306296005145,1.078352038841783,1.0692276629738224,1.0767207365190705,1.0316953839608594,1.0752880876001363
"Amarillo, TX",11100,1.1045662227929613,1.1125108842655205,1.105002900632614,1.0890466512954642,1.0967841597833692,1.105550295324406,1.057877599840521,1.0745384883315918
"Ames, IA",11180,1.3774466075457836,1.3875200995902277,1.3416815742397137,1.3448198141794596,1.3123681499288622,1.0188601502069559,0.9419592378353627,0.9866089745980827
"Anchorage, AK",11260,1.1617222789804087,1.1575451596183748,1.1341781825128956,1.1062461130619963,1.1016171615101829,1.0947548418274413,0.9965248002888478,1.0020532439499499
"Ann Arbor, MI",11460,1.4263010451459972,1.4312080648707715,1.4579942907451378,1.4800827144158462,1.4923206840133003,1.5130818535252706,1.3383532324196086,1.400354520131679
"Anniston-Oxford, AL",11500,0.8707564696830371,0.8589164150554169,0.8774396760222735,0.8719741196593909,0.8758907363420427,0.882751955992492,0.8671276396935153,0.8663622183383135
"Appleton, WI",11540,1.2827792147708872,1.2973198456564814,1.2908822405584872,1.2818152058269907,1.290964265053638,1.2885689837418834,1.2221841324728362,1.2212587302832927
"Arecibo, PR",11640,0.41018335441561155,0.40544106710169614,0.4168185684773362,0.38208647343561375,0.40365312027434125,0.42269295150471464,0.42124027789648477,0.4457486720404146
"Asheville, NC",11700,0.8240225395756768,0.8405011945166433,0.8581824113385199,0.8430995277243309,0.8470465962238004,0.8505753013076581,0.8019952075896132,0.8321504989089676
"Athens-Clarke County, GA",12020,1.0782317000119803,1.091025020368162,1.1107873419196923,1.140152486651589,1.1401790710688304,1.1129281366403199,1.0444854848878795,1.0946463239407267
"Atlanta-Sandy Springs-Alpharetta, GA",12060,1.1521193088367985,1.1700227049314254,1.1897392818238492,1.1989573376449991,1.205104071124778,1.2156408195162218,1.1376248209353863,1.1813214383915394
"Atlantic City-Hammonton, NJ",12100,1.0126701521360275,1.011894056099907,0.9991172771515393,0.9946561610172797,1.0388760824870724,1.0383789191243185,0.8967510960503896,0.9666147306639237
"Auburn-Opelika, AL",12220,0.9181027909104773,0.9249077351811403,0.9512750658746818,0.9315012840788729,0.9350309782299778,0.9504689167181446,0.8852529486042825,0.8640671680230761
"Augusta-Richmond County, GA-SC",12260,0.9079399529752216,0.9216497890463778,0.9172649828480507,0.9156132295509832,0.9236583813802811,0.9333287581923618,0.8954970102868802,0.8972841799361865
"Austin-Round Rock-Georgetown, TX",12420,1.2296378818428355,1.2516301915945218,1.2605099375143494,1.2666888702250283,1.2803137412922851,1.286340478032853,1.1823066899296948,1.214385613583782
"Bakersfield, CA",12540,0.8875729494388769,0.8760546205750216,0.8677685950413223,0.8752052049027605,0.8987327867706534,0.9163923981685357,0.8638874606125329,0.892830697842792
"Baltimore-Columbia-Towson, MD",12580,1.1754796492423663,1.1952898086636226,1.2005757942568656,1.2131612749823608,1.2185788172071643,1.2268973653165554,1.1278163710044176,1.161085697470674
"Bangor, ME",12620,0.8885897004375631,0.8919442501210784,0.8916140087822642,0.8805230412316778,0.8956713595293129,0.8956513768675771,0.8506709749744469,0.8913863648440405
"Barnstable Town, MA",12700,0.6381360491216355,0.6458338473685509,0.6523638959664217,0.6525195694716243,0.6517413238077272,0.6491140716272179,0.5995857407609289,0.6282393591958536
"Baton Rouge, LA",12940,1.1723319140972255,1.1789099354509889,1.161206691349598,1.1448582966246856,1.1596210563946734,1.099134284018233,1.0357028838991167,1.0580630199727512
"Battle Creek, MI",12980,0.9656422509681141,0.9751187961985216,0.9762624510629863,0.9532731785086206,0.9592798830466992,0.9439382746449971,0.8699405651293289,0.9050761506557184
"Bay City, MI",13020,0.768429820907955,0.7526478191977316,0.7497344690422142,0.7346702261956499,0.726031647533354,0.7298666390985217,0.6679999175308744,0.7092781809584507
"Beaumont-Port Arthur, TX",13140,0.9615824900407528,0.9441074671875536,0.9222803210985786,0.910195540154362,0.9210895815782084,0.9565946618085076,0.8798070924290743,0.8991590766148757
"Beckley, WV",13220,0.8012931933532643,0.7701401203017976,0.7534627966868518,0.7641391738286665,0.7731914082138585,0.7695514713546191,0.7534345105372942,0.7957806850795781
"Bellingham, WA",13380,0.9452531850922541,0.9564350278245392,0.9767594942084532,0.972823049696769,0.97581411507454,0.9706682794073178,0.8653487504662439,0.9139547440239533
"Bend, OR",13460,0.866294588692065,0.90956774670386,0.9344271833362425,0.9382127889077405,0.9468365553602812,0.9570925081643871,0.8844473258381956,0.927358626807782
"Billings, MT",13740,1.1210671697096275,1.1351011284083152,1.109350237717908,1.0781773849436147,1.0812779424323102,1.0115810202550637,1.004492542849909,1.054125998225377
"Binghamton, NY",13780,0.9231648304555113,0.922050511554697,0.9232503421930774,0.9154749632135902,0.9160372387142104,0.8972897114288221,0.8172612570089987,0.8344729667343188
"Birmingham-Hoover, AL",13820,1.0228436392280424,1.0283512076167776,1.0277478290992172,1.034871554860183,1.0469716173138226,1.1229279427347583,1.081947505509918,1.100244003274994
"Bismarck, ND",13900,1.319406267179769,1.2959743903068688,1.2624031534592906,1.2123420394508024,1.2018282257003814,1.2225020430627596,1.1993500728655422,1.234879456249264
"Blacksburg-Christiansburg, VA",13980,0.9608567956248734,0.9814667825780197,0.9536615124125395,0.9632608069344757,0.952695027664798,1.0986559589537672,1.0292454682728314,1.062443224455942
"Bloomington, IL",14010,1.2074433533300217,1.2000964136653685,1.1829004465923612,1.1803855088842845,1.1521165495967591,1.2767828919338657,1.1687916398931313,1.229289862021203
"Bloomington, IN",14020,1.0844707811353862,1.0810116098076457,1.0657118786857624,1.0854930999663412,1.079862839444721,1.1198936862359667,1.0133099633017473,1.0661500738312313
"Bloomsburg-Berwick, PA",14100,1.1188774018656815,1.1050017265651977,1.1282377244557444,1.1146413875722694,1.1125807204543687,1.1162790697674418,1.0532092828768556,1.1129322195199323
"Boise City, ID",14260,1.1164112453059982,1.1437055907674836,1.16795141322121,1.1745930186059024,1.1942037171046826,1.2157403471667858,1.188357905439756,1.207399942319595
"Boston-Cambridge-Newton, MA-NH",14460,0.926440663881647,0.937324629753642,0.9491760948242784,0.9495371722222534,0.9548417566291142,0.9715919877652125,0.8701978071550645,0.9058062979334905
"Boulder, CO",14500,1.3610949864043262,1.3771442377385843,1.3993646047467763,1.4146883345226622,1.431637144000291,1.429343882066679,1.3084290039795698,1.3881029725103915
"Bowling Green, KY",14540,1.0222760426934017,1.035214018639433,1.0252387264316822,1.0149785830207252,1.0029582727838904,0.9999483897605285,0.9404587913833641,0.9478376280269452
"Bremerton-Silverdale-Port Orchard, WA",14740,0.7948485763155247,0.8114219029211188,0.81342053298067,0.8121926538727832,0.8300214539443604,0.8364158579572654,0.7732766728203699,0.8111381200066216
"Bridgeport-Stamford-Norwalk, CT",14860,1.12448830849997,1.1285639760849318,1.1146436238145703,1.0953278343551212,1.0951185644093142,1.081072440911319,0.9935653680569793,1.0231233763334096
"Brownsville-Harlingen, TX",15180,0.9356597153351071,0.9477002338745212,0.9531496989876568,0.9361386597460376,0.9430742777639229,0.9531105945903832,0.9338711334909053,0.963334816038635
"Brunswick, GA",15260,0.7057611402077788,0.7338179300796123,0.73770769178708,0.7343303646445976,0.7171444907293963,0.7121156102814705,0.710798865360512,0.7551258825322114
"Buffalo-Cheektowaga, NY",15380,1.0592483410810405,1.0698779640456513,1.072380404563321,1.066144432325348,1.0653924698437363,1.0597701322454631,0.9410328969650149,0.9763770784562287
"Burlington, NC",15500,0.8751707023391727,0.8761042564065123,0.8949742640680123,0.8844798550868206,0.8736305910264461,0.8844452989809652,0.8359837665187826,0.8515443374294254
"Burlington-South Burlington, VT",15540,1.3062409288824384,1.312636623507651,1.3043025315136993,1.2885119632907243,1.2801006228064837,1.2725759383868671,1.1531000079182834,1.1666422394840978
"California-Lexington Park, MD",15680,1.0331199297385998,1.0405207187385406,1.0205697992803964,1.0192953953664345,1.0174355406756816,1.0083746368142197,1.0256741065668946,1.0345424638559433
"Canton-Massillon, OH",15940,0.9661808784375889,0.9586054215019825,0.964148177871406,0.9679458039050459,0.9611072664359862,0.9562629972125127,0.9100036787382757,0.9179489733247016
"Cape Coral-Fort Myers, FL",15980,0.6361661804476054,0.6687595631298475,0.6787741556870056,0.6814847212651205,0.6866946347760174,0.6907034062789884,0.6507625862857457,0.6707700916276141
"Cape Girardeau, MO-IL",16020,1.0232861704855365,1.0377935708570623,1.0255693075076335,1.0154364555348117,1.03243157007088,1.0051254742727818,0.9829443447037702,1.005652539102404
"Carbondale-Marion, IL",16060,0.9610691262854931,0.972047343238479,0.9662159895326601,0.9469320066334992,0.9618249842730855,0.8817301875378101,0.841173383631344,0.8705230788060524
"Carson City, NV",16180,1.1934700140658967,1.2069259638348686,1.241679467485919,1.2723391788389904,1.2488552160519524,1.2649909643502546,1.230731737037714,1.2574826242416939
"Casper, WY",16220,1.2143375579252973,1.1364581312193365,1.0453442188879083,1.0536009317190758,1.048922836932842,1.060013919374699,0.9783762716875647,1.0175163963185878
"Cedar Rapids, IA",16300,1.2500327119516386,1.2471380004162909,1.2332513459123824,1.2309081461415927,1.2307978615415849,1.2293291207313795,1.1448828964956121,1.1411928788251702
"Chambersburg-Waynesboro, PA",16540,0.9278752436647173,0.9297841905591143,0.9347100380405248,0.9307657038055938,0.9407437803006125,0.939648009668404,0.8862540344119351,0.8917331095258078
"Champaign-Urbana, IL",16580,1.075393714125311,1.0663983903420524,1.057403245232202,1.0569280745934713,1.0652850129295806,1.131768829363331,1.0789429883391914,1.1308783644855238
"Charleston, WV",16620,1.0927386355181905,1.0685836409558966,1.033970687253844,1.0201083463410154,1.0131141485038788,0.8363109906357812,0.8058811344867881,0.8292795187798084
"Charleston-North Charleston, SC",16700,1.0475134732786628,1.0700392159325323,1.0740158451246955,1.0752041745696328,1.0927223513264352,1.0963054621569348,1.0128576496451087,1.021331784223396
"Charlotte-Concord-Gastonia, NC-SC",16740,1.120235453946618,1.1461277515099642,1.1574826715666535,1.1581475475695535,1.1628383471723358,1.1529102705774052,1.1030777686919147,1.1080599907998188
"Charlottesville, VA",16820,1.1188726601953491,1.1157012628914031,1.1355480617030271,1.1516295902913003,1.1471109261105679,1.2584495901049906,1.1521100814720955,1.1808363669365818
"Chattanooga, TN-GA",16860,1.0104618954146718,1.0386767108292283,1.048754474878672,1.0633459131867187,1.0812109562710235,1.06672277514659,1.0417350578863283,1.0708730506919795
"Cheyenne, WY",16940,1.128424287532112,1.1201143946615824,1.1043583134296593,1.0727880955127467,1.082201767975941,1.0836994480117157,1.0381165919282511,1.0710699542563873
"Chicago-Naperville-Elgin, IL-IN-WI",16980,1.194059357526662,1.2145308232644902,1.2252342987083111,1.225991530440326,1.2296778176218488,1.2335041752552809,1.1217506588930597,1.1719442156171096
"Chico, CA",17020,0.7877650244637967,0.8017135862913096,0.8187811741281402,0.8249082038126855,0.8156900377856414,0.9383844476406997,0.8270970592734009,0.8437697239477793
"Cincinnati, OH-KY-IN",17140,1.1454979330546937,1.1623507217936695,1.174498818589824,1.1813404825737266,1.1868737202602062,1.1858721596584756,1.116558615413039,1.1358125499981349
"Clarksville, TN-KY",17300,0.7621353726624219,0.7641713543920381,0.7685016778953301,0.763506411603952,0.7628075301304824,0.7233885366003817,0.7042733489333667,0.7155741737354463
"Cleveland, TN",17420,0.9178980330756434,0.9483130216701281,0.9403115023701267,0.9289523481851023,0.8733624454148472,0.927289896128423,0.8514593790667411,0.8420281896393923
"Cleveland-Elyria, OH",17460,1.0908467546368303,1.0978383696181169,1.10150588520051,1.102597256811199,1.1163026263624267,1.1216220699722965,1.0466425258352725,1.0685773533334295
"Coeur d'Alene, ID",17660,0.8877529415323191,0.8982125272298648,0.9135227721902587,0.9129709714802565,0.9131034482758621,0.9166443312784777,0.896074930178103,0.9186267871060062
"College Station-Bryan, TX",17780,1.1099677300110897,1.095550365020572,1.093590319099149,1.0934338277609668,1.0956004089276505,1.0926889496428256,1.0483548224321833,1.0833175957560046
"Colorado Springs, CO",17820,0.9647038304737404,0.974446119279884,0.9876162725540737,1.0150983146067416,1.023250013855789,1.0328552163785705,0.9699083128368658,0.9957895280655077
"Columbia, MO",17860,1.3379251909857461,1.3392257475216935,1.3087172985750697,1.2945067438375277,1.2730381911457345,1.1056121835840627,1.05149738208556,1.0884967151874276
"Columbia, SC",17900,1.1147402555517114,1.1309508353745266,1.1420479465209676,1.118287672966232,1.1091926815004596,1.1189003815059153,1.0615448442845385,1.0692787272922712
"Columbus, GA-AL",17980,0.9189508077691051,0.9116532071200115,0.9045966130219838,0.9022646096027799,0.9027526191655638,0.8657458407479592,0.8235339314839327,0.8305980720726946
"Columbus, IN",18020,1.5083315944793871,1.5384615384615385,1.5466351829988194,1.522561863173217,1.5348082937565157,1.5341138473960436,1.4134074232385838,1.4109893823753064
"Columbus, OH",18140,1.228836408697919,1.2418944537544807,1.262127142838688,1.2652675697440456,1.2703959218508099,1.2811190787704174,1.2039811375172729,1.2084793529133433
"Corpus Christi, TX",18580,1.0475448833512901,1.018228125197331,1.0039587624586872,0.9949532104475232,1.0053543242100051,1.082498038146229,1.0037301902617755,1.024232509533788
"Corvallis, OR",18700,1.0992860029637612,1.1062475129327498,1.121930567315834,1.1387974716606593,1.1419801259039593,1.1200040913391465,0.9931906248824348,1.0261836794960133
"Crestview-Fort Walton Beach-Destin, FL",18880,0.7328340449359557,0.7597340930674265,0.7650265738863624,0.764643937513834,0.774379406265073,0.778159398849054,0.768746141950757,0.7709572926964231
"Cumberland, MD-WV",19060,0.8483723339953372,0.8432432432432433,0.8502260779265733,0.8487084870848709,0.8524704244954767,0.8369112743281826,0.7850274649972042,0.8163445415232548
"Dallas-Fort Worth-Arlington, TX",19100,1.2668151730535375,1.2835071159921994,1.2984117996442128,1.3029040831533687,1.3084746285458737,1.336103450755327,1.2644651425345752,1.313323683001156
"Dalton, GA",19140,1.187297004691447,1.200902934537246,1.2125264280164079,1.1886489380688916,1.2094625794764324,1.1761797117829895,1.1493945153892147,1.2068187967890323
"Danville, IL",19180,0.8136628714246043,0.7929662502434546,0.7884545733151311,0.7787384990577542,0.7529411764705882,0.767291764771059,0.7267359336853461,0.7568920846554685
"Daphne-Fairhope-Foley, AL",19300,0.6388288758101766,0.6585006446859458,0.6753641270444004,0.6648679899788014,0.6790589203649084,0.6790872932803015,0.6420442171658104,0.6403024904110228
"Davenport-Moline-Rock Island, IA-IL",19340,1.101303218735854,1.0981586729644357,1.0920206224576672,1.0930054709100536,1.094311693804187,1.0903828351125537,1.0107186012210918,1.036536774696578
"Decatur, AL",19460,0.8129349652027837,0.8090130041349554,0.8137743272150668,0.8118157711509119,0.8381784375645605,0.8558232872467575,0.8373774859644114,0.8322923626644976
"Decatur, IL",19500,1.0267103564690696,1.0455801379529688,1.019148851467017,1.02115678226558,1.0197401051482988,0.9976945703156054,0.9299721008369749,0.9680600559502486
"Deltona-Daytona Beach-Ormond Beach, FL",19660,0.6029220290632626,0.6240473181599072,0.6460019512954073,0.6508468058515325,0.6550322430961,0.6563367790752161,0.6161648332802508,0.6329548337038751
"Denver-Aurora-Lakewood, CO",19740,1.2322895956844284,1.2509622786759045,1.259018162514033,1.2646016364229815,1.266286532563028,1.27785519614251,1.1766090317921405,1.2245530353753618
"Des Moines-West Des Moines, IA",19780,1.3596139639427234,1.3697090869639341,1.3765369747324772,1.3630057161884677,1.3434873455080085,1.2689175809743185,1.1974702449791501,1.2162293646417799
"Detroit-Warren-Dearborn, MI",19820,1.0178304088402699,1.0317631122532946,1.049469263286582,1.0574870883323855,1.0667295394948706,1.070449896737058,0.9735063720821151,1.038484521276038
"Dothan, AL",20020,0.841990801287232,0.8344312692138779,0.8452678141286734,0.8390519577879015,0.8448364740248583,0.8557822162200582,0.8352497989474724,0.8430309904913946
"Dover, DE",20100,0.9961392237187233,0.9942788930458708,0.9907946431131887,0.9620352141191584,0.9577757710094956,0.9535961318917467,0.914756466151336,0.9335091153636158
"Dubuque, IA",20220,1.4795905722570573,1.4806967404961935,1.4605147274684411,1.4468558708959376,1.4621573445102858,1.4609028858819304,1.3824394739640566,1.3829936097765754
"Duluth, MN-WI",20260,0.9695876433946842,0.9566820017164,0.9557936663768197,0.956199662272503,0.9520312077770002,0.8986719552823976,0.8244462809373138,0.8679060276404882
"Durham-Chapel Hill, NC",20500,1.2772464246094803,1.29811711486151,1.3115150605298604,1.2983345135134028,1.293583346015523,1.1811220838700445,1.1486223745585775,1.1704915649136411
"East Stroudsburg, PA",20700,0.6877408641990607,0.698728908050249,0.7194244604316546,0.7192743430177609,0.7273706896551724,0.7308011927457594,0.6714366385970574,0.7135743012392995
"Eau Claire, WI",20740,1.194920527179139,1.201222345833744,1.2040274087540204,1.1987764213079064,1.1997370439355757,1.1940176861322793,1.1177477854032116,1.1389643588473841
"El Centro, CA",20940,0.8935624879307621,0.8946513131454332,0.911372111664866,0.9161442277718126,0.9275732817439069,0.9350604786823368,0.8805227670601287,0.9632055480639569
"El Paso, TX",21340,1.0297042073151685,1.046987247791565,1.0511935674140163,1.0575951046344092,1.0688986058133199,1.0821810109605512,0.99765624375065,1.0007972873615993
"Elizabethtown-Fort Knox, KY",21060,0.8472838006279683,0.8743015005964714,0.8595015816680812,0.8675078864353313,0.8710561364297414,0.8577961238049934,0.828240529703085,0.834059504543757
"Elkhart-Goshen, IN",21140,1.6166904037876746,1.6597669917844737,1.725527315519513,1.7949367088607595,1.7711805773948046,1.7062835364324758,1.708899161188223,1.8176143811247738
"Elmira, NY",21300,1.0031266284523188,0.9884463917794644,0.962868251441693,0.9500514933058702,0.9608467783372726,0.9493104065914383,0.8610447513318088,0.8827431370548016
"Enid, OK",21420,,,0.9856797470708574,0.9486106961458022,0.9626147302440117,0.9376517613657589,0.8868692051159893,0.8667505844272613
"Erie, PA",21500,1.088262785418614,1.084132693844924,1.0576546715857325,1.0517039745680354,1.0533240143074456,1.0511976760407349,0.9610891240607257,1.0112715510054358
"Eugene-Springfield, OR",21660,0.9518200471160423,0.9810998612776268,0.994339528127035,0.9981427042717802,1.0043427732583032,1.007000473168897,0.9065823408821744,0.9336717670051004
"Evansville, IN-KY",21780,1.1240044531985955,1.1226841970460173,1.1303281071613447,1.1327883588965673,1.1287233893851079,1.1151171954000545,1.0707200067182432,1.0962386583892807
"Fairbanks, AK",21820,0.9186855360997841,0.9080644773824681,0.9118248526404427,0.8396912103291048,0.8531383302864107,0.8484520263561693,0.8207934336525308,0.8600285895062452
"Fargo, ND-MN",22020,1.3878896882494005,1.3588450299447397,1.3347641100945065,1.3060078195267901,1.3097399488749786,1.2958291885746767,1.234301421517019,1.2751378704585776
"Farmington, NM",22140,1.0501279906476124,1.012908032783584,0.9664753850800363,0.9470697583406712,0.9205624792775925,0.9168431071657505,0.8344979439177165,0.9170487703209671
"Fayetteville, NC",22180,0.7778801393473128,0.7849808615347227,0.7823346895411027,0.7752308087107536,0.7790263062506314,0.5980435047333835,0.5798210434501402,0.6044769939920324
"Fayetteville-Springdale-Rogers, AR",22220,1.119419322510496,1.1543521419857918,1.1836564361318715,1.177387159380604,1.1711744189190407,1.2459734629835888,1.1889724491034384,1.2247041064123039
"Flagstaff, AZ",22380,0.9966518726154325,1.0025296025575368,1.0064646588437145,1.017303238112539,1.0233699392561117,1.0164318205390348,0.8884300524915301,0.9621012061951324
"Flint, MI",22420,0.7171106047510541,0.7129536501550583,0.7194621313672922,0.716368872784741,0.7206122088737059,0.726722337122449,0.6799667453763589,0.725071907957814
"Florence, SC",22500,0.9574253656133122,0.9661295552896711,0.9805452679487752,0.983300373544276,0.9990867977039485,0.9942799280412793,0.9678541911348906,0.9925231387446339
"Florence-Muscle Shoals, AL",22520,0.7937520375331321,0.8063831593243358,0.8001352341240773,0.7911392405063291,0.7922657137316823,0.7946690948222341,0.7733237759153065,0.771296742648578
"Fond du Lac, WI",22540,1.0811904333752922,1.06890756302521,1.0711570284896463,1.0634064379200565,1.0780185622010097,1.0734512885805856,1.01021144468983,1.0389440669106116
"Fort Collins, CO",22660,1.0985996824021944,1.125015083009788,1.1383861578943695,1.1315902848834078,1.1347471022128557,1.1366065010006023,1.0415053797418357,1.0847968011452689
"Fort Smith, AR-OK",22900,0.9209435403898363,0.9204763485342811,0.9168536423947959,0.9054116743717306,0.8987369961505425,1.0165184243964422,0.990063135773617,1.0198092443140132
"Fort Wayne, IN",23060,1.1828980726012688,1.1970605085716803,1.1982642427430223,1.204212305392141,1.2188830130272152,1.3052557311195954,1.2324260994953136,1.2580790872234708
"Fresno, CA",23420,0.98223705723752,1.0146772387773568,1.0362646882969506,1.0508886323944429,1.0769631735513423,1.096948100773005,1.0229854720728504,1.0739409829925204
"Gadsden, AL",23460,0.7768093974990526,0.7893241280599466,0.7993100692034244,0.7957948524638228,0.7921081781511903,0.7710793020583011,0.7137234321700341,0.710670603121046
"Gainesville, FL",23540,1.093905970284696,1.1269826927657898,1.1486974663711713,1.1535775353418587,1.1544034269875267,0.9947122487315413,0.9441374433648483,0.9597556985494602
"Gainesville, GA",23580,1.1699356751233974,1.221147536306314,1.2430238457635718,1.2409358325352304,1.2508229098090848,1.24594640723673,1.2127382624721301,1.2313494222908414
"Gettysburg, PA",23900,0.8379752966820053,0.8177739180778695,0.8387003748918581,0.8265633856036274,0.8197876538569953,0.8278765201122544,0.7555679546194263,0.7950448368309143
"Glens Falls, NY",24020,0.8099844177226354,0.8076928714874155,0.8213132243120406,0.8006439649844039,0.7893530456707352,0.7765129847843496,0.7271525367707817,0.7538450429633908
"Goldsboro, NC",24140,0.7856699810161081,0.78627859408133,0.7827715355805244,0.7631336405529954,0.7637652156351552,0.7545308389359836,0.7478612652402249,0.7711452166371281
"Grand Forks, ND-MN",24220,1.2403875396446105,1.2116695059625213,1.1947733941274565,1.172849775411745,1.1482621176762149,1.1295366636490825,1.0357146534062245,1.0777505306324315
"Grand Island, NE",24260,1.22350508357746,1.2029602537360344,1.1822907932248867,1.180513218422657,1.1723394254430834,1.3105874295675994,1.2788243570702729,1.309591106086301
"Grand Junction, CO",24300,0.9781944161402079,0.9588294808934548,0.9456373473109875,0.9562676947171858,0.9685338094175406,0.9556945300801549,0.9080606836044599,0.9671264401299212
"Grand Rapids-Kentwood, MI",24340,1.2766436909993193,1.3109029230480747,1.32617016080871,1.3286633418357634,1.3362530757367053,1.3414662811743412,1.2124504873484439,1.2682181638017644
"Grants Pass, OR",24420,0.6469768298135339,0.6580154672958448,0.6819250666248629,0.6884549433112379,0.6962443461909844,0.6987714739789612,0.6699997462122174,0.7021575386186646
"Great Falls, MT",24500,0.9584664536741214,0.9437941579668881,0.9380419359924326,0.9166044439867144,0.919640341214745,0.9233987194857537,0.8911700117460803,0.9253342194729174
"Greeley, CO",24540,1.018348257115446,0.9668050601329357,0.9595964384938508,0.9727644162958514,0.9895796287075894,0.9834623049250757,0.8553716091366975,0.8557887826824856
"Green Bay, WI",24580,1.2281214159014653,1.2395376361613313,1.247876143005196,1.2465780211184982,1.2582106219611162,1.2453934906147752,1.1722087420115512,1.1795028317563672
"Greensboro-High Point, NC",24660,1.0694013425437607,1.0796327672485126,1.085833561744924,1.068434148075355,1.0696946524159272,1.075015045490483,1.0332687233998747,1.053940399875662
"Greenville, NC",24780,1.0154669451151863,1.0112635621823636,1.0165706144347892,1.0083418518658742,1.010667464234086,1.0055384615384615,0.9663439372982942,0.9972367209088118
"Greenville-Anderson, SC",24860,1.069520165617108,1.0935679735439225,1.0911623792636773,1.0953303653525472,1.1068254664808699,1.0990984155886854,1.0397626935323592,1.0369462067494801
"Guayama, PR",25020,0.40896450188123673,0.42053762849760873,0.41381991890240516,0.396723463766875,0.4079476418278402,0.4177358715760578,0.4124629080118694,0.4279053296346574
"Gulfport-Biloxi, MS",25060,0.8792241735063506,0.8853826726070547,0.8687774658031409,0.8559975194897236,0.8496581646068893,0.8259556022592933,0.8199460087298261,0.8454112746489053
"Hagerstown-Martinsburg, MD-WV",25180,0.9662915072471863,0.9671931057439804,0.9662013225569435,0.9443222511042845,0.9599625380472957,0.857928087358609,0.8029161916079199,0.8159973432644638
"Hammond, LA",25220,0.8333967577441206,0.8298520943886192,0.8443055865506212,0.8356243669512372,0.8160803306899427,0.8115387957250847,0.7852524087101024,0.7884497235306164
"Hanford-Corcoran, CA",25260,0.8490818327687645,0.859649510508055,0.8587723706924808,0.8707084204400957,0.8896224999464083,0.8880275991311385,0.8365432836457922,0.8639678364449007
"Harrisburg-Carlisle, PA",25420,1.3494995962512542,1.3667370472632776,1.3792657390713807,1.3679384208808616,1.3783439288739698,1.391154630827106,1.297424500956748,1.3427358534575253
"Harrisonburg, VA",25500,1.2224334600760456,1.2457231432298066,1.2574478882769768,1.263541260196592,1.2668045501551188,1.2910561352674723,1.2075236603175477,1.2651043573782497
"Hattiesburg, MS",25620,0.9855211583073354,1.0209356422848281,1.024061411430783,1.0425576553749818,1.0212048343274727,0.9100030658602525,0.8825045534210798,0.8977853723368187
"Hickory-Lenoir-Morganton, NC",25860,0.9020674176701627,0.9175216440213205,0.9360422293150013,0.9354030924827385,0.9374489035844703,0.9307583154958031,0.9044855964593435,0.9313493651544367
"Hilton Head Island-Bluffton, SC",25940,0.7018783601829658,0.7111854343210386,0.7185306743062703,0.7105954700656072,0.7403716095963551,0.7350519217100359,0.7050132837980863,0.7190898991551771
"Hinesville, GA",25980,0.5832025814855384,0.5587072374075984,0.5597545036085696,0.5489750662556114,0.5776371888323477,0.578114246386786,0.6054490413723511,0.6476017551823271
"Homosassa Springs, FL",26140,0.41303704466204305,0.4322877801507861,0.4248819059355104,0.41888900070443796,0.4175626343951593,0.4091369805443623,0.3981946878874306,0.40440865796685055
"Hot Springs, AR",26300,0.7437444367520523,0.7459585666514968,0.7474344017558776,0.7513192223944132,0.768250857422832,0.7821842347728921,0.7363030244468065,0.7469654528478058
"Houma-Thibodaux, LA",26380,1.2143874643874644,1.0970493966817496,1.0074653062179681,0.9982039237358387,0.9950533595932762,0.995575221238938,0.9193528299536927,0.8880595337125385
"Houston-The Woodlands-Sugar Land, TX",26420,1.2266357532883014,1.196071574866871,1.1717492408117984,1.171724370958692,1.185857664475717,1.1831222367575327,1.0877824870284023,1.1157346273985302
"Huntington-Ashland, WV-KY-OH",26580,0.824116112828439,0.8225666745410163,0.8186222979422675,0.8131951971226332,0.8104343421552488,0.7998763935439397,0.764064439890506,0.7825819783238648
"Huntsville, AL",26620,1.1573598715214701,1.1742516743477966,1.1793324301022294,1.18215008912836,1.201705196266895,1.2248636988224169,1.1746438617724757,1.1645441588892465
"Idaho Falls, ID",26820,1.1750397237970065,1.2246894258045584,1.2359615053475423,1.2331629416812806,1.2571386866641123,1.2909596911751504,1.285441585961717,1.3058266532209821
"Indianapolis-Carmel-Anderson, IN",26900,1.2052545509574446,1.2278907807836696,1.2336625061947986,1.2399639545362053,1.2434453129592893,1.2562202834062197,1.1902141936411121,1.223900736394263
"Iowa City, IA",26980,1.4286132498023947,1.4257499963959808,1.4142291051150286,1.3953235601809708,1.347809809060277,1.3341395128747748,1.2460977636995492,1.2917437889413175
"Ithaca, NY",27060,1.4873951576496305,1.5166213178753103,1.5007656967840735,1.4774584033323361,1.4926053369186245,1.42047364057984,1.293450142388209,1.2814287825371022
"Jackson, MI",27100,0.8122194874764731,0.8301580632542775,0.8434171436852402,0.8352021160370307,0.8407943067033976,0.849351170185339,0.7811432311709237,0.8264821049285498
"Jackson, MS",27140,1.1542554988681286,1.1579883658291121,1.156287755805312,1.1583234878590845,1.1356192196737587,1.0955350736795628,1.0429018998494841,1.0415504365123642
"Jackson, TN",27180,1.1782951263859673,1.1935042066131873,1.2141006070503035,1.2119498966485875,1.2148876404494382,0.8772589417750708,0.8700885133271483,0.8742004264392325
"Jacksonville, FL",27260,1.0334195328969717,1.0513876132794686,1.0738749145168276,1.083647062840046,1.0926644107515004,1.0913314542327537,1.0418524269536182,1.055179935798614
"Jacksonville, NC",27340,0.6429050367468216,0.6370917412107343,0.6298767241268495,0.6253940234522759,0.6092774642096214,0.6142384922788495,0.6012336068028026,0.602928509905254
"Janesville-Beloit, WI",27500,0.9632698473114817,0.9851567760634716,0.9925123699151985,1.0035530418388805,1.0124936809417202,1.013985510377508,0.9586852316822643,0.9651936746604864
"Jefferson City, MO",27620,1.185004533658506,1.1863191369956974,1.2083372161650048,1.1904393803531121,1.1752185480805777,1.1914457213525171,1.1655973113351665,1.200978116197728
"Johnson City, TN",27740,0.8138054796235628,0.8300184796567169,0.8307945057344577,0.8357319078947368,0.816260228634084,0.8292613693964032,0.8270235818992989,0.8565596052645077
"Johnstown, PA",27780,0.8749348778768655,0.8688710816370391,0.8541221009864726,0.8276740237691002,0.8177481638525025,0.8088580560141777,0.7436426222218815,0.776156473144986
"Jonesboro, AR",27860,0.9789642521339946,1.00360642599541,1.02299016772701,1.0291382517048977,1.0372284696514633,1.0590041221821693,1.0218387937485485,1.0500669160289626
"Joplin, MO",27900,1.0496952710831426,1.0493786573739234,1.039976976610329,1.0342823939570018,1.057620745035058,1.0477586005679682,0.9954855886097927,1.0269822032276583
"Kahului-Wailuku-Lahaina, HI",27980,1.0284500586887262,1.0579211848717271,1.0781559243214816,1.0919988505275258,1.092178808753671,1.080878112888734,0.8439106190950115,0.9968251327482704
"Kalamazoo-Portage, MI",28020,0.9642670005648141,0.9793194375539441,0.9952638700947226,0.9973675925863905,1.0060924859340148,1.3382038173745379,1.213639159855875,1.2696693969506978
"Kankakee, IL",28100,0.9700352136070693,0.9605595148510468,0.9873372885858497,0.9847235959995604,1.0034177547980019,0.9966559569864272,0.9398743906188238,0.9288882024579131
"Kansas City, MO-KS",28140,1.169397560117912,1.1849934503772066,1.199096610730366,1.19773914363301,1.1900935929518222,1.194444504453513,1.1289300865306888,1.1330871992738132
"Kennewick-Richland, WA",28420,1.0649174486521507,1.0847009052540826,1.0994344350788918,1.090626558723094,1.1006111362607516,1.1152002818128726,1.0302253958736476,1.064369884121739
"Killeen-Temple, TX",28660,0.7950169473478732,0.8174784114563594,0.819733601001448,0.8150084576349377,0.8032240754818226,0.8070975974897663,0.7730583243933864,0.7816818002368733
"Kingsport-Bristol, TN-VA",28700,0.8171243196286292,0.8312862203281715,0.8262222192098361,0.8137656435384729,0.8106225044885709,0.8004421743791912,0.7763928467626356,0.796428140460963
"Kingston, NY",28740,0.7227073453346553,0.7338201603665521,0.7374842137870231,0.7293783253661573,0.7304140183305826,0.7253317136983741,0.6437980592922878,0.6823166274063845
"Knoxville, TN",28940,0.9874696188082549,1.0009094505788114,1.0091346510491674,1.0019058678009314,1.0080513845675951,1.0399725117397778,1.0119175231729618,1.038857157140893
"Kokomo, IN",29020,1.026131458554111,1.0452152369154537,1.0588235294117647,1.065256445940133,1.0187315149523497,0.9984947315604616,0.9421755461477582,0.9058198928113127
"La Crosse-Onalaska, WI-MN",29100,1.3339315605101036,1.337280346970036,1.3446470729120334,1.3305084745762712,1.332726782585254,1.3154156011298868,1.231830500123183,1.2366606932403417
"Lafayette, LA",29180,1.1032016129431754,1.0254475615611496,0.9740574262796916,0.9550497540889855,0.9693831756274772,0.9601320181524959,0.8996417273493881,0.9209271314670938
"Lafayette-West Lafayette, IN",29200,1.1142600243566543,1.1156312331669278,1.1067855687836676,1.1193077819069277,1.1330376940133038,1.073570218559358,1.0010362694300519,1.0601473460151478
"Lake Charles, LA",29340,1.1433567609375526,1.1624826124395575,1.2239242552536371,1.2344503681137344,1.217714877026476,1.1607732980832783,0.9576085555985053,1.0350539647917032
"Lake Havasu City-Kingman, AZ",29420,0.41849573045313293,0.41825431989366413,0.4287584455749141,0.4384394350943693,0.45025115165395724,0.4509427629710588,0.4447330116657543,0.45878472280361
"Lakeland-Winter Haven, FL",29460,0.722905201805141,0.7423583857309646,0.7609393761693335,0.7576270956724449,0.7734644259798552,0.7860333727499672,0.7876543873772849,0.7967860117077515
"Lancaster, PA",29540,1.1747266641153702,1.1861829241798827,1.1977459854576602,1.202065561177313,1.2188858996527565,1.2264473813754402,1.1331865074765273,1.1666995335953516
"Lansing-East Lansing, MI",29620,1.1199496022678979,1.1397262461389528,1.1682556734255405,1.1634891873793674,1.1689592729092952,1.0183377522400021,0.9141872959782122,0.9393774355207106
"Laredo, TX",29700,1.2953235105701473,1.2722071665161097,1.2578076106563916,1.2515192721934079,1.262046267137073,1.2634032634032635,1.1608421614162043,1.2173872907074694
"Las Cruces, NM",29740,0.8382309290590679,0.8341209829867675,0.8424461444595672,0.8185150611324878,0.8252863238266337,0.8336390009670213,0.775805463745165,0.8196002805049089
"Las Vegas-Henderson-Paradise, NV",29820,1.042437893434275,1.0741329516232998,1.0922134542541289,1.099323689753094,1.1167251487598329,1.139710534940343,0.9821215374058052,1.1008534502214649
"Lawrence, KS",29940,1.0812378308960604,1.0857696190535056,1.0753342666423196,1.044432642945654,1.0397900838098222,1.0295537956345373,0.9003435772001789,0.9512016660100185
"Lawton, OK",30020,0.8514456264991852,0.8335770693185142,0.8394140560706644,0.8163787120575666,0.8249798785395478,0.8289319248826291,0.7844993128805322,0.7732470958067605
"Lebanon, PA",30140,0.9073602932019144,0.9029904920412897,0.9145964652082561,0.9136932625957904,0.9205309429408722,0.928627827937794,0.8674543355741156,0.8898888478457974
"Lewiston, ID-WA",30300,1.0129927328782207,0.9998545666084933,1.0070671378091873,1.0085851888043553,1.0019757267852103,0.9976181435327419,0.9714315558573144,1.0220567575161563
"Lewiston-Auburn, ME",30340,1.0235643644947297,1.0245233827603064,1.0416029678550316,1.0236030828516378,1.032925757212499,1.0177105488083642,0.9815828770532603,0.9951935541772202
"Lexington-Fayette, KY",30460,1.243695445832015,1.2662145681658599,1.2609064052946162,1.2571910785256701,1.2353343410350537,1.2489417635788442,1.1699906877391508,1.2009478175713486
"Lima, OH",30620,1.1661872589024906,1.1695906432748537,1.1896259262565843,1.18119851684096,1.172773942290671,1.1662388244666726,1.1325204699181204,1.1409395973154361
"Lincoln, NE",30700,1.398590790840899,1.4046667564695494,1.3859487368615158,1.3784923372894473,1.3674873486097685,1.3691405425931396,1.2852629674474274,1.2830048345109706
"Little Rock-North Little Rock-Conway, AR",30780,1.0934861619388978,1.1063824476449593,1.1054719312315948,1.106352385985179,1.1148302521212785,1.10390944016237,1.0476742436319373,1.072315902441893
"Logan, UT-ID",30860,1.3119234711308507,1.3345075193063272,1.3498137033979607,1.3574957373322258,1.3624673199141282,1.3686415196068267,1.357799275705884,1.369136481496032
"Longview, TX",30980,1.151414978445869,1.0967720384371278,1.0579954704915848,1.0643818525102409,1.0780988459166594,0.825170180972937,0.7592719581615539,0.7803377900570658
"Longview, WA",31020,0.8941295453500666,0.8859916909587532,0.9099243639697456,0.8886799632887874,0.9052692453123957,0.907585293143425,0.8733528630832867,0.8918836408042218
"Los Angeles-Long Beach-Anaheim, CA",31080,1.2608131407172147,1.288025664120173,1.3058531333795425,1.3187086201428957,1.3293276232418216,1.3338169875452655,1.1916908599776985,1.2699495970368404
"Louisville/Jefferson County, KY-IN",31140,1.1577487487871596,1.1852838476417145,1.1924510027141406,1.1996484625628805,1.1945331850309338,1.2300969765701852,1.161656389557622,1.183803488267204
"Lubbock, TX",31180,1.1065748199057361,1.1089367253750815,1.1243436863777612,1.1170866741591678,1.0976762039743704,1.1120245452810522,1.0635165703206348,1.0803250112460638
"Lynchburg, VA",31340,0.9021742923952116,0.9035909952483577,0.8959427702515897,0.8955147285230421,0.8972191304791116,0.9025914478823489,0.8526311333135769,0.8637430554382883
"Macon-Bibb County, GA",31420,0.9768353251590873,0.9889521584659561,1.0057345367097974,1.003168413356081,1.0049166331367334,0.9975424269984713,0.9425007430702704,0.9777651083238312
"Madera, CA",31460,0.6894754775218969,0.7005848186662941,0.7409620555721542,0.7532323751532165,0.7749504620274273,0.7873250388802489,0.7729316192128717,0.8261321811489838
"Madison, WI",31540,1.401422501989831,1.4242517830080945,1.4241389237390845,1.4097672244815391,1.4121982577846226,1.4147061424092173,1.300674749937308,1.3077135299177203
"Manhattan, KS",31740,1.0864796510877701,1.056561603129048,1.0583207642031172,1.0352929658818346,1.037037037037037,0.7475449144025812,0.6575583957690613,0.6892175353862967
"Mankato, MN",31860,1.3735310160162642,1.4018346818819016,1.3783097569822271,1.3811825780487224,1.38365076371865,1.379133316220568,1.2625497915162245,1.2975235437739798
"Mansfield, OH",31900,0.9730566510633593,0.9704080879639879,0.9740560359993333,0.9719122881434078,0.9728093330625958,0.964862017337942,0.9049274402692711,0.9187912952760949
"Mayag√ºez, PR",32420,0.7300175783269569,0.686660607896597,0.7131091140349048,0.6436838522002847,0.6584465693675557,0.5888882617448402,0.6018284120327471,0.6229380943139918
"McAllen-Edinburg-Mission, TX",32580,0.9402792506862584,0.9395065134331291,0.9519983035903617,0.944868802347177,0.9483233033320907,0.9573560469377194,0.9024905267420671,0.9243945364935319
"Medford, OR",32780,0.8855622885366464,0.9036566320211105,0.9230802180268357,0.9256347359372706,0.9329773197161588,0.9386437471727598,0.883211754145214,0.9226467847157502
"Memphis, TN-MS-AR",32820,1.101757992486,1.1270050739927877,1.1260577626576227,1.1268452878491664,1.1330789485583896,1.1378310976959312,1.1138299238489768,1.1443575622538922
"Merced, CA",32900,0.7400807792824899,0.7541084683061017,0.7722190638620429,0.8021860743312184,0.8103444255299302,0.8184196513323918,0.7546353733908511,0.7847483431846678
"Miami-Fort Lauderdale-Pompano Beach, FL",33100,0.9899594122649222,1.016918610631161,1.0320496263507284,1.045841152224089,1.059982502324523,1.0749280877206882,0.981306112809438,1.02445748108977
"Michigan City-La Porte, IN",33140,0.855244267607367,0.8530183727034121,0.8499047697065268,0.8366241908561658,0.8413095165518503,0.8475779143094673,0.7885449228597358,0.8143943192987383
"Midland, MI",33220,1.0531249138477656,1.0420951597422186,1.0264130286027098,1.0084896988049532,1.029233463559208,0.9945701843986883,0.932891153711343,0.9790134141064474
"Midland, TX",33260,1.6260027570628977,1.46757346002408,1.4069177457304287,1.592351646960128,1.772787940645364,1.7217852598009904,1.3653149761571832,1.4037072960448325
"Milwaukee-Waukesha, WI",33340,1.2673562020983704,1.2791748141192134,1.2790797620564864,1.2864933664495257,1.2866413888974517,1.2823007101950659,1.193434731546057,1.2018425761571796
"Minneapolis-St. Paul-Bloomington, MN-WI",33460,1.347576690840007,1.363683544623395,1.3791606377684387,1.3855216134188173,1.3898692906668566,1.3914699063756935,1.2500191730960448,1.2807662104738011
"Missoula, MT",33540,1.1319653797529903,1.1510652655933673,1.1619684663162924,1.1502130024078534,1.1434397873347657,1.1450381679389312,1.1096300032424253,1.1679042606877659
"Mobile, AL",33660,0.9927430100540695,1.0037137959829474,0.999233464739378,1.0037409195702292,1.0146897182801171,0.9743286921929388,0.934930203784759,0.9592152439686884
"Modesto, CA",33700,0.9062824117983106,0.9383229689955076,0.9528707789981308,0.9780004956083592,0.9851622281341708,1.00116401711597,0.9474022752917705,0.9858029155406691
"Monroe, LA",33740,1.0204873506130685,1.0006569970182444,0.9951749095295537,0.9628660707797398,0.9613748511145143,0.8192674908357579,0.7909723686985868,0.8005675981913103
"Monroe, MI",33780,0.670728827169241,0.6725012962933865,0.664112789273715,0.6437668133542739,0.6419455889387837,0.640554125291161,0.5688126416328269,0.5917338405337681
"Montgomery, AL",33860,1.047343324250681,1.0571973998985091,1.067868722052815,1.0564704337497537,1.050852702107656,1.0557129030917307,1.0118123067617601,1.018238847583643
"Morgantown, WV",34060,1.1571469358278892,1.1627126606489715,1.1655362974127104,1.1719529224017555,1.1653193008084195,1.1759055300684014,1.0776085379753393,1.0739966812119721
"Morristown, TN",34100,0.8685010461489874,0.8854793223815253,0.9070874817992208,0.9077981025850818,0.9020193594692635,0.7386641047044556,0.7261370290845208,0.7370474745285064
"Mount Vernon-Anacortes, WA",34580,0.9424689216536571,0.936494561054083,0.953813349579256,0.9478320664597543,0.9641696203926466,0.9556574923547401,0.8549848671270892,0.8969881760649518
"Muncie, IN",34620,0.9558809528343203,0.9812888228344956,0.9842444588562926,0.959641935973297,0.9652765925167359,0.956084605899649,0.910965143596874,0.9424083769633508
"Muskegon, MI",34740,0.8632445996072442,0.8592822946929088,0.8685944562435332,0.8716537132987909,0.8761658658699074,0.8631335910652921,0.7806484872424898,0.8348137363591436
"Myrtle Beach-Conway-North Myrtle Beach, SC-NC",34820,0.560234293041147,0.5651761250693934,0.5745612648776599,0.5705770940960035,0.5683468433976712,0.5685301462948742,0.5516085047527711,0.5900512543124204
"Napa, CA",34900,1.2544738078883626,1.2797404470079308,1.2892770325020257,1.3033048086218626,1.3449923375101416,1.3456943171814082,1.1732055001892265,1.2708111137222293
"Naples-Marco Island, FL",34940,0.6533759398126037,0.6768935576401272,0.6895173378634956,0.6906715043207775,0.7055190833749467,0.708087219790453,0.6562497258314982,0.6801207010935861
"Nashville-Davidson--Murfreesboro--Franklin, TN",34980,1.2290219956898025,1.2530497097656508,1.2702847987719046,1.2781211657326599,1.2847214856097466,1.3116210067751788,1.2379413595980082,1.2590055729528504
"New Bern, NC",35100,0.746873652436395,0.7712348384202626,0.7739460977363789,0.7374802757246076,0.7434144080003974,0.7388800991697794,0.7371826945528537,0.7729452113228795
"New Orleans-Metairie, LA",35380,1.035786308538551,1.0407201553163274,1.0266944129055828,1.0313838703669211,1.0365861286903806,1.0472686102462496,0.9365644896066113,0.9447360617615999
"New York-Newark-Jersey City, NY-NJ-PA",35620,1.180451137359995,1.2011378520533866,1.2170027320624117,1.2267262208204897,1.2376289157828138,1.2850795699498399,1.1413580220387443,1.1867618089390481
"Niles, MI",35660,0.7975292231908988,0.8020624462904612,0.8147222656046644,0.8089487536770398,0.8049455856784081,0.8189776899181023,0.7357829311268451,0.7866554163691828
"North Port-Sarasota-Bradenton, FL",35840,0.6758025612697577,0.6951510621368119,0.7076513765826543,0.7066580364372,0.7074993102850746,0.7076376680974095,0.6592426648106662,0.6946919930063995
"Ocala, FL",36100,0.5936659329909514,0.6056129083461029,0.6222097874876835,0.6182701502022295,0.6298639986393999,0.6310623556581986,0.6113657685881958,0.6113027736969237
"Ocean City, NJ",36140,0.42556202490700307,0.43432149891419625,0.43130813338304796,0.4292364427785503,0.4274492843996098,0.43761919100672486,0.4183784816682842,0.42828494553223223
"Odessa, TX",36220,1.438683418863918,1.2591189674523007,1.2169716329294122,1.3166489050843961,1.4347789043196728,1.390962935619725,1.0671150959853528,1.0789240319243276
"Ogden-Clearfield, UT",36260,1.1052066255865227,1.1330708076380118,1.150179084901377,1.1544270214796923,1.1692084882416836,1.1773913043478261,1.152209854348094,1.1580636311488357
"Oklahoma City, OK",36420,1.1278991331304897,1.119065207647979,1.101719461779498,1.116874490294512,1.1290678890469024,1.1418619814007755,1.0619534002032462,1.0593997979620806
"Olympia-Lacey-Tumwater, WA",36500,0.9606697854146354,0.96947616297152,1.0034064634555306,1.0092449922958397,1.0190055998642458,1.0213043587362927,0.947285108908932,0.9875238753200308
"Omaha-Council Bluffs, NE-IA",36540,1.3061102337798371,1.3149539633823686,1.3075153273641655,1.2951591324892155,1.2917950648971406,1.290908353115426,1.2205168660502086,1.21153278930292
"Orlando-Kissimmee-Sanford, FL",36740,1.1557473422427962,1.197509729829752,1.219583606684287,1.2331854839880416,1.2465236865198033,1.2465880605329125,1.1134358327458234,1.1878921113616407
"Oshkosh-Neenah, WI",36780,1.2667268586521487,1.2826877406716668,1.2940847545632463,1.299697222112041,1.2760639347497205,1.2737351102724377,1.2324600137376116,1.2344227604044204
"Owensboro, KY",36980,1.0159536471148505,1.0094252375986306,1.0344153304653891,1.017885425116854,1.0347834512159675,1.0280842527582748,0.9730445546929728,0.9968490403895732
"Oxnard-Thousand Oaks-Ventura, CA",37100,1.0325909316163318,1.045160884119361,1.0491277600599502,1.0634466614492795,1.065007010694746,1.080100292577183,0.9877309823402571,1.0195319791613637
"Palm Bay-Melbourne-Titusville, FL",37340,0.7330608227469214,0.7435910578690313,0.7746968775381612,0.7884546935165511,0.8152929847712115,0.8287663967754482,0.7957481540271754,0.8160088636031498
"Panama City, FL",37460,0.7340819876681512,0.7567970746882305,0.752333585612859,0.7494722650914445,0.6986655488017885,0.7788935130388301,0.7766419481480077,0.7989146819415134
"Parkersburg-Vienna, WV",37620,0.939932103184684,0.9093199569390046,0.9098485900819558,0.8668674149101195,0.8768315018315018,0.880410858400587,0.8342167119878324,0.8616696006670991
"Pensacola-Ferry Pass-Brent, FL",37860,0.7996314615459218,0.815854745105594,0.834421432860288,0.8373026291115029,0.8486845157997309,0.8637086177905599,0.8261706337580622,0.8426668082169967
"Peoria, IL",37900,1.0792541356292928,1.0604581661304122,1.0251137846238945,1.0381430769507092,1.0337404735778573,0.9318785340770913,0.8722150446192509,0.9057763680656606
"Philadelphia-Camden-Wilmington, PA-NJ-DE-MD",37980,1.1428816428030388,1.156400806336666,1.1720733095119928,1.175149953297847,1.1835691342275267,1.1967954643888643,1.0892827127733993,1.1223657577025308
"Phoenix-Mesa-Chandler, AZ",38060,1.0191787411872162,1.0472482048133636,1.0646098130915607,1.0819733696257656,1.102018537579497,1.1248549973765054,1.076075744409505,1.1084044389423569
"Pine Bluff, AR",38220,0.7986845196147522,0.7831240299139269,0.7763061939824508,0.7958767829317991,0.7847215656613407,0.7580188568888473,0.7747443220370348,0.8195009917527926
"Pittsburgh, PA",38300,1.0514846829903433,1.0492118270191007,1.0476392978257971,1.0470428031453005,1.052169557699421,1.0538306917710674,0.9636643817606431,0.9976742477160794
"Pittsfield, MA",38340,0.6131737227986478,0.6183668099289537,0.6194211918014346,0.6022530329289428,0.5937198276483219,0.5865102639296188,0.5330153439457502,0.5529756376366364
"Pocatello, ID",38540,1.042884113998022,1.061095169775227,1.075493058452005,1.051862673484295,1.0684939461688103,0.9866102889358703,0.9536059035221057,0.9984996637177298
"Ponce, PR",38660,0.5288891149098782,0.5163661188295702,0.5073614318706697,0.48783359208870775,0.4935315246911778,0.675427721299281,0.6610775564169596,0.7010693077319953
"Port St. Lucie, FL",38940,0.6232142692026741,0.6455739304086948,0.6606700035687161,0.6709406732916784,0.6869264410668197,0.695647573829897,0.6733249095598289,0.6879262359514755
"Portland-South Portland, ME",38860,0.7384097121179651,0.7525355956824674,0.7657241605339212,0.7651764258360431,0.7656762324812117,0.7689597653216761,0.7193515163481704,0.7309730462491858
"Portland-Vancouver-Hillsboro, OR-WA",38900,1.1593314880939805,1.1811556480999479,1.1946449292656631,1.2016571524140947,1.206598065714926,1.2117321349757253,1.090816819766303,1.1434698349061316
"Providence-Warwick, RI-MA",39300,0.8313698363632434,0.843166433534197,0.8481517575541215,0.8453406087475488,0.8485231642854814,0.851388810318493,0.770626513506852,0.8033968132932138
"Provo-Orem, UT",39340,1.3483940162303243,1.3965285601537507,1.4231928153138602,1.4532557809618387,1.445797555693406,1.4382154388024655,1.4202049780380674,1.453629935524086
"Pueblo, CO",39380,0.8619828459705157,0.8739414330928688,0.8863785106564608,0.8830642893301086,0.8803235783963835,0.8943349513887923,0.8379348426283821,0.8782867243056601
"Punta Gorda, FL",39460,0.4419758689068003,0.45784576689165957,0.4663298188225902,0.46448560383128495,0.46688981020120957,0.4686158097158433,0.4551368357110153,0.4547497554398118
"Racine, WI",39540,0.9418713464506642,0.9352150994728787,0.9432587952509287,0.9423135004530353,0.957688039754909,0.9395601751600019,0.8918777125959841,0.8887628232402023
"Raleigh-Cary, NC",39580,1.1363841302984337,1.1501334170459896,1.1572810907609656,1.1620038210035555,1.157241882524626,1.1564184778264306,1.1072734836049303,1.126801699350574
"Rapid City, SD",39660,1.0572099815861324,1.0629560602710302,1.0729681754786358,1.0499371570460747,1.0427259619033165,1.1066044966785897,1.089343758235966,1.127993736918628
"Reading, PA",39740,1.0609902575737356,1.0678746202404992,1.075405701953795,1.0751014641972056,1.078962618664978,1.0800474196219536,0.9871417999121361,0.9965090076941937
"Redding, CA",39820,0.7880281328610298,0.8052539942646456,0.8211690484400342,0.8332699185754509,0.8410471415762688,0.8712684906068353,0.838733310596587,0.8530603540200469
"Reno, NV",39900,1.0847897395871786,1.1303069769388085,1.1587258146968156,1.1864832295641694,1.208824715498333,1.208519021017512,1.14078803001974,1.1657886408905602
"Richmond, VA",40060,1.2276800780654877,1.2672631988993002,1.2655227534316449,1.270240617433414,1.2784847256292937,1.2934717433668115,1.1997368885701138,1.1954028741868419
"Riverside-San Bernardino-Ontario, CA",40140,0.8656252555819088,0.903778907275729,0.9194135213046201,0.9484896751076605,0.969028310640322,0.9970949537804943,0.9541967346705408,1.0088512002488421
"Roanoke, VA",40220,1.1048240541880059,1.1073740104134426,1.1059971147901353,1.096391356656856,1.096525516481873,1.103862497276095,1.0626121702617588,1.0736754186256416
"Rochester, MN",40340,1.2823943976091707,1.3066973777462791,1.3005670254562869,1.2937546547505054,1.294107768844854,1.2945618088793531,1.2144546729881114,1.2564806343397377
"Rochester, NY",40380,1.1091548552441026,1.1169861758512423,1.115530849635476,1.1166482672305003,1.1207582844064086,1.1110743897249888,1.0069847528081943,1.0448158712796605
"Rockford, IL",40420,1.036262309050803,1.0447114491846574,1.0303956388865945,1.039794784564946,1.046431093952506,1.0205831315715472,0.9485220582928665,0.9863617578178813
"Rocky Mount, NC",40580,0.8439825238954416,0.8452593917710197,0.8338287752675386,0.8183594610875219,0.8257432422522404,0.8187852735620084,0.7912224683473971,0.8244852598855632
"Rome, GA",40660,0.987061821240383,1.00957612649395,1.0144497228820268,1.012539725554926,1.0334899972932405,1.0205082916298696,0.988653787181846,1.023036726282476
"Sacramento-Roseville-Folsom, CA",40900,1.0152668564242042,1.0515541608318852,1.075101608848724,1.0949560620608145,1.1124719330475608,1.1218712655987775,1.0499226008269873,1.0837207675701912
"Saginaw, MI",40980,1.0058530740160383,1.0216069289597347,1.020232309654293,1.0001598428972667,0.9998861177542421,0.9918087729064655,0.8969073348875134,0.9357621353023812
"Salem, OR",41420,1.0075204673013218,1.0295810536391035,1.0569058679156789,1.059561643489414,1.0761030055807201,1.087279388103666,1.0103269011025369,1.0574338876317242
"Salinas, CA",41500,0.9290510407226904,0.9644745926785345,0.9750104744388186,0.9989198958017126,1.0188605052874016,1.0166674813040715,0.9138390280202241,0.9628372527967305
"Salisbury, MD-DE",41540,0.6382387139173955,0.6508279097674186,0.6495136879453058,0.6432610082704987,0.64974288461997,0.6480889031949095,0.6209488534233891,0.6293795289680413
"Salt Lake City, UT",41620,1.668102948661738,1.7094166114545608,1.7319809209751502,1.7281292958606995,1.7399976534084243,1.7480570752828686,1.6662255720700385,1.676624539412514
"San Angelo, TX",41660,1.0209122344804875,1.0009561979940187,0.9818410024900298,1.0009117617262688,1.0102646123944687,0.9896071378892355,0.926184986155464,0.9225922592259226
"San Antonio-New Braunfels, TX",41700,1.1269830958335847,1.1474527878755203,1.170457281205002,1.1711749026912843,1.1795225610597488,1.190152019693336,1.0659699649940222,1.0488339479762148
"San Diego-Chula Vista-Carlsbad, CA",41740,1.146845186424438,1.1748907905774328,1.196110768739443,1.2085440564750374,1.2186476531170625,1.225441133685003,1.1125550653663525,1.1994166528640162
"San Francisco-Oakland-Berkeley, CA",41860,1.2436748067517647,1.2859246791500105,1.3189573546979243,1.332636775490009,1.3517385718316572,1.3648971685170235,1.213545876058946,1.2853528326499886
"San Germ√°n, PR",41900,0.29483380760993927,0.30153667729776745,0.3034474591826162,0.27235257278513275,0.27915632754342434,0.29011972961430277,0.2902102896840016,0.32102482182354386
"San Jose-Sunnyvale-Santa Clara, CA",41940,1.5313494073473095,1.5670988783708535,1.601158733293831,1.6203619837369625,1.6330565724151271,1.647351989635912,1.507607377251714,1.5876927212549212
"San Juan-Bayam√≥n-Caguas, PR",41980,0.667521082820142,0.6564998050302203,0.6647763139767524,0.6428851109366319,0.6516541356477652,0.659816305336249,0.6344959546741271,0.6767490527500316
"San Luis Obispo-Paso Robles, CA",42020,0.9165841293290135,0.938951504153695,0.9539490013734218,0.9621220820551518,0.9709606329947711,0.9712105445716268,0.8942285268550015,0.9403785564828399
"Santa Cruz-Watsonville, CA",42100,0.9149556773807375,0.9438521677327647,0.9599091210299616,0.967751036876111,0.9651605165014336,0.979120191903824,0.8845084660096032,0.9404830065420824
"Santa Fe, NM",42140,0.8685832194741098,0.865367224564186,0.864,0.8447700803761824,0.8562133318813553,0.8619986403806934,0.7312783486068685,0.7903001596045925
"Santa Maria-Santa Barbara, CA",42200,1.1631069721657363,1.168599292265845,1.1727215603800927,1.178613044336481,1.2260366989861984,1.2556031289629974,1.1402351303998972,1.1992163784416445
"Santa Rosa-Petaluma, CA",42220,0.9308947012836599,0.9572323958228109,0.9766854188985986,0.9904064823131462,1.019259721213952,1.0081951865881236,0.9053794022564469,0.9674693294738171
"Savannah, GA",42340,1.091170044402868,1.114123016956254,1.1262922359588485,1.1388744072887962,1.1427381623104622,1.1636749918518607,1.0736477006335567,1.0959594545403635
"Scranton--Wilkes-Barre, PA",42540,1.0042913800582511,1.0064712717087698,1.0041783051316975,0.9975732657936481,0.9927528287406858,0.9994449625632913,0.9199524136457087,0.9637102275311131
"Seattle-Tacoma-Bellevue, WA",42660,1.2304588873056643,1.2513692774659413,1.2711045486873433,1.2693184139806069,1.2748017222404955,1.286479591371424,1.1762228125968426,1.2253353099431854
"Sebastian-Vero Beach, FL",42680,0.6296708127537431,0.6392401001219434,0.6498874461076702,0.6573603109339266,0.666362278958994,0.6673798351608276,0.6290323545063711,0.6401581567210722
"Sebring-Avon Park, FL",42700,0.43174117389878675,0.4523978912420876,0.47408920170672114,0.4690279799450105,0.468077474892396,0.45795541616921187,0.443700072780842,0.4316149304236732
"Sheboygan, WI",43100,1.1993440161229771,1.2075337457262,1.2231751175749912,1.230311104145443,1.2404580152671756,1.225251857326228,1.1611476906810207,1.1726248170743296
"Sherman-Denison, TX",43300,0.8198830839369095,0.8359552206043755,0.8459775133719026,0.8393585797122199,0.8478011809288799,0.8510416122800606,0.8221696427051595,0.8328475056217207
"Shreveport-Bossier City, LA",43340,0.9345559097065917,0.9165925733523811,0.8977972648501932,0.8891120694748036,0.8885884473704836,0.9736562302664601,0.9236740609723143,0.9597861742194144
"Sierra Vista-Douglas, AZ",43420,0.5635804713582124,0.5528052805280528,0.5569154441359596,0.5387789859819206,0.5479630777259532,0.5634214457361824,0.5714427687644413,0.5764127182677192
"Sioux City, IA-NE-SD",43580,1.2579345526216632,1.3076945505437794,1.2351652104619062,1.250905166905678,1.2454965097950912,1.4624564646848126,1.4084623323013417,1.43536718311255
"Sioux Falls, SD",43620,1.4626165460960754,1.4608809613290548,1.463821874792475,1.4347083769345157,1.4249632787590012,1.4167318492217642,1.355836633219279,1.35642807274178
"South Bend-Mishawaka, IN-MI",43780,0.9802466518251528,1.0035073357656508,1.010926459503061,1.0085092971950835,1.0186946494143552,1.0248434266986988,0.9295830424044103,0.9447406655590237
"Spartanburg, SC",43900,1.0120332339586957,1.0361950687447974,1.0676156583629892,1.0901198294332355,1.115813774528665,1.2384917259799753,1.1918621572850574,1.1737555918483278
"Spokane-Spokane Valley, WA",44060,0.9899212679198831,0.9957301739996287,1.0162321239711225,1.0046223206002507,1.0159069106555831,1.0536062457680353,0.9746726371251395,1.0367701972499233
"Springfield, IL",44100,1.1473248123267332,1.1583732951360777,1.1584295228101527,1.140217940391138,1.1109632102229094,1.1050343856498581,1.028515621026074,1.0964823305067555
"Springfield, MO",44180,1.0462172296045988,1.0555729603541146,1.0522788538962826,1.0478556767851355,1.0604453870625663,1.0668087786444456,1.0403271250848878,1.0601214303499262
"Springfield, OH",44220,0.8352129711353012,0.8247017819449217,0.8241578188491283,0.8193911695095079,0.817198688567374,0.8081500710192486,0.771859822406829,0.7829519581988829
"St. Cloud, MN",41060,1.3490873820650737,1.3513852325435627,1.3596987285449733,1.340797144847648,1.3385988927788344,1.3238264717198922,1.228648486664669,1.2774551277455128
"St. George, UT",41100,0.8968753503419338,0.9224948011945526,0.9546065493646139,0.9690092942797666,0.975486692175083,0.9698522964861401,0.9835358964479072,0.9925809637150887
"St. Joseph, MO-KS",41140,1.137185789815416,1.165557949967207,1.1713625866050807,1.1664781262170132,1.1491913098190163,1.1559626251061788,1.1081309339297813,1.12697079951488
"St. Louis, MO-IL",41180,1.0841537124259637,1.1028260016960358,1.1052555998841556,1.1069432420044816,1.1073913759886433,1.1170601388316868,1.0537795430674861,1.0873437047088215
"State College, PA",44300,1.1688810383227095,1.1760393438616856,1.192105343186449,1.1928131509148396,1.1882957337502793,1.1973116125873504,1.0821357547559192,1.1479940474382726
"Staunton, VA",44420,0.9019788311090658,0.9374882813964825,0.9010305199359747,0.9373549883990719,0.9262280224759833,0.9176596123065979,0.8817885670935784,0.9137328675087342
"Stockton, CA",44700,0.9000324146379454,0.9278117221090745,0.9571187525455286,0.9842641287203331,0.9920142042099519,1.0057384597443229,0.9847739108344976,1.0129350036638074
"Sumter, SC",44940,0.8209098062567789,0.8223649350374092,0.8334214701216288,0.825930472049431,0.8222525993123732,0.5917781883176377,0.6025674613570867,0.6060222471874555
"Syracuse, NY",45060,1.0806056634360017,1.0876413778856582,1.089463138684877,1.0779882518240143,1.0814586363160896,1.0742404547505675,0.9907673144415361,1.0315315466915267
"Tallahassee, FL",45220,1.056787829520381,1.0355348169418521,1.0887507889498471,1.0770353061188178,1.0836536274401163,1.0587026941613336,1.0218360691101795,1.0696194941436477
"Tampa-St. Petersburg-Clearwater, FL",45300,0.89134890752882,0.920162127585226,0.937578021213901,0.9400842455235761,0.9502266541363074,0.9642560724419089,0.9248658720003592,0.9593474101178288
"Terre Haute, IN",45460,0.9456296757261327,0.9255142868690135,0.9351193755122331,0.9272056356927205,0.9084509848193059,0.8161553211888782,0.7719679150835294,0.8000485613694306
"Texarkana, TX-AR",45500,0.9229435084241824,0.9280137438068504,0.9172335251931423,0.9006290826255525,0.9025487256371814,0.9157702578338337,0.8720270086142946,0.9084970299135561
"The Villages, FL",45540,0.3984310807249275,0.4009695083635058,0.40908491077843434,0.42084679476279546,0.4186702039462776,0.43906906583342314,0.432658576514305,0.44676472064655387
"Toledo, OH",45780,1.1012409998243868,1.1264395524923023,1.1319884641848073,1.1244134958739957,1.1269642831184312,1.0238425484640719,0.9588285145548789,0.9753071019164735
"Topeka, KS",45820,1.0669225233869033,1.072650760633046,1.085531039104006,1.0654374376277147,1.0598024611706216,1.0533894130574817,1.0322261772938754,1.0214105192885414
"Trenton-Princeton, NJ",45940,1.7779432961606632,1.8403294459632489,1.8509818010971852,1.863328318449711,1.9210098393186892,1.9478685068178843,1.805347072903566,1.8419567886893897
"Tucson, AZ",46060,0.817226820546526,0.8155203227575956,0.8208929072049341,0.8227660943832733,0.8351736685840727,0.8433815030761016,0.791592333136055,0.8129670348185778
"Tulsa, OK",46140,1.055450947056491,1.054137489646864,1.0395272414952015,1.0449088483770566,1.0595529960488126,1.0623072149414574,0.9932784216746728,1.002671681531945
"Tuscaloosa, AL",46220,1.0120449627544474,1.0012929041269123,1.004216391220871,0.9953903509577419,1.0032207717221655,0.9866511897852582,0.8797137997771391,0.8696145952479456
"Twin Falls, ID",46300,1.0794292333095103,1.0902348578491965,1.0927770104916286,1.104774630747572,1.1050509841119278,1.1170824435005047,1.0863598938797914,1.0906171242500613
"Tyler, TX",46340,1.1509717684036769,1.1545083212368767,1.1574929195911834,1.1757672379434037,1.1767159526240107,1.179173380950307,1.110761154855643,1.117012650016218
"Urban Honolulu, HI",46520,1.3374884485658731,1.3630749109932427,1.3420327061112423,1.3437128547769648,1.3472043382815913,1.334859423938385,1.1032267733229206,1.152436111454045
"Utica-Rome, NY",46540,0.9138970609653083,0.9134583840607708,0.9301341581738731,0.918196394802879,0.9194263812927953,0.9187856549035347,0.8507230063208936,0.8783528522856063
"Valdosta, GA",46660,0.9302404970385921,0.9476664349771984,0.9357670979667283,0.8878437395018477,0.8978693544271498,0.89404752568426,0.8677300151421241,0.8759261584829838
"Vallejo, CA",46700,0.8284031303831687,0.8519824977351144,0.8646525448586332,0.8770541113890384,0.8909737745175204,0.8848339215539035,0.7990245834674324,0.8252724378596792
"Victoria, TX",47020,1.1355339023591913,1.046050551001046,1.0065720358652366,1.0034839786054273,1.0056736552463048,0.9845701689933872,0.8892757578252738,0.8804291243238349
"Vineland-Bridgeton, NJ",47220,1.0219470219825062,1.0326839135526455,1.0278949420479921,1.0417035750983241,1.0513832592881038,1.0554089709762533,0.9975808225203431,1.0279001468428781
"Virginia Beach-Norfolk-Newport News, VA-NC",47260,1.071903065625825,1.085692455490823,1.0839582824653806,1.0962009386880314,1.1004757503149265,1.0801799446365663,1.010617375838153,1.0069516767340136
"Visalia, CA",47300,0.8027491408934708,0.8208578407958841,0.8397893409788731,0.8416898232048649,0.8487721096813277,0.8555465405444627,0.8227964564548776,0.8727877482337998
"Waco, TX",47380,1.081688757049871,1.0974798264276142,1.1207889165397615,1.0838758749332198,1.0956238117977781,1.0944597446260595,1.069684314835787,1.1189717367702168
"Walla Walla, WA",47460,1.039573349822229,1.0399207679414901,1.0455081169448353,1.024069367618478,1.0408297421663866,1.1434262948207172,1.0981141083790882,1.184043229497775
"Warner Robins, GA",47580,0.9097135177743032,0.9388689114089572,0.9518992594898131,0.9493670886075949,0.949386985224772,1.0218732618453221,0.980616897175314,0.9870195021007085
"Washington-Arlington-Alexandria, DC-VA-MD-WV",47900,1.3549049878193964,1.3751604862868902,1.3863965811323717,1.393648025948403,1.3996900057813375,1.4039241585303748,1.2799155707095307,1.2927814161285687
"Waterloo-Cedar Falls, IA",47940,1.265037827111497,1.2481977342945416,1.233234437593142,1.2240200392661296,1.2241990969683938,1.2192507637065224,1.1546617964824961,1.17977152782417
"Watertown-Fort Drum, NY",48060,0.7162300102075536,0.7255323107104805,0.7121591447323905,0.7073032395822907,0.7011875218600623,0.6831781914893617,0.6432873295370629,0.6530122824642707
"Wausau-Weston, WI",48140,1.2350331454803953,1.234883760596292,1.2313509094624975,1.2395089248019995,1.2310320570796904,0.9472049689440993,0.9134202513857445,0.9381378552363008
"Weirton-Steubenville, WV-OH",48260,0.7233087088425346,0.7223623479350045,0.7069968307038623,0.7034840882776043,0.6887989387394129,0.7055470596413179,0.6789610481461181,0.7108151880511067
"Wenatchee, WA",48300,0.798505898271492,0.8259609373519995,0.8358377160030053,0.834859025997803,0.8398494063133507,0.8349389852280026,0.7758867276887872,0.8419921175206019
"Wheeling, WV-OH",48540,0.963000506842372,0.9543147208121827,0.9523671259128061,0.9665060660590933,0.975319049972383,0.9214848405569606,0.8677203620640292,0.8973997656377471
"Wichita Falls, TX",48660,0.8834787934466392,0.8898674372735196,0.8945774841728599,0.9127184332431317,0.9152583809552914,0.9131725135073434,0.8663850276399825,0.8930502765674732
"Wichita, KS",48620,1.0863130475964953,1.0944487904237576,1.0879100308681624,1.0753585738342721,1.090692898065074,1.1189166621285556,1.0377701321077761,1.0656765010948483
"Williamsport, PA",48700,1.0733486578392446,1.0289120489017978,1.0058834693490226,1.0050157209163049,1.0050439006164766,0.9935317911532797,0.9237744936643368,0.9457611668185961
"Wilmington, NC",48900,0.882016209213341,0.8964646464646465,0.9074595509388267,0.8971709541794342,0.9022819543609127,0.9250757664666939,0.8905778503788202,0.9325555269818497
"Winchester, VA-WV",49020,1.0202517415816457,1.064675585053061,1.0269492412349555,1.067057921237787,1.0502540937323546,1.104155943347668,1.086992325175401,1.1158489764577104
"Winston-Salem, NC",49180,0.8855946479279974,0.8931595132947701,0.900628708770691,0.8925662034190963,0.8885937240577785,0.8944902819996579,0.8677379805013015,0.8833137331765321
"Worcester, MA-CT",49340,0.7333987240871512,0.7416997131285858,0.7479341017948313,0.7478049313017576,0.7512257249509451,0.7492683933014478,0.6835805468897085,0.7009832101016908
"Yakima, WA",49420,0.9401412527497974,0.9518528786618612,0.9673923069827507,0.9716736260015799,0.9749913047380763,0.978262080645341,0.916590284142988,0.9534234579388101
"York-Hanover, PA",49620,0.9957821788754692,1.0051583400527984,1.018940500267272,1.0138143747692174,1.0147122457810471,1.017495098356064,0.9507166447558277,0.9714091796046492
"Youngstown-Warren-Boardman, OH-PA",49660,0.8768196135183451,0.8716360116166505,0.8624433827635416,0.8453799005435411,0.8422773884773059,0.8292161785861671,0.7726738808911505,0.801658604008293
"Yuba City, CA",49700,0.6423672601989889,0.6699576868829337,0.6799246656239027,0.7030853224987303,0.7045263841172839,0.7528132268812473,0.7173824896291444,0.759873715488424
"Yuma, AZ",49740,0.5872604522350376,0.5901530640437641,0.5957465448890641,0.5960558626583442,0.608094388218572,0.6170230749725298,0.5911539175886864,0.623687324754523
