name,msa_code,2010,2011,2012,2013,2014,2015,2016,2017,2018,2019,2020,2021
"Aberdeen, WA Micro Area",10140,40019.0,40993.0,42057.0,41315.0,43356.0,44122.0,49623.0,47445.0,48255.0,61026.0,57828.5,54631.0
"Abilene, TX Metro Area",10180,40630.0,40659.0,43407.0,44149.0,44303.0,47420.0,48016.0,51130.0,48021.0,54808.0,54422.5,54037.0
"Adrian, MI Micro Area",10300,45563.0,44509.0,48224.0,45938.0,46739.0,48279.0,51918.0,56515.0,55378.0,53865.0,57561.0,61257.0
"Aguadilla-Isabela-San Sebasti?n, PR Metro Area",10380,14313.0,14951.0,15339.0,15323.0,15886.0,14485.0,14546.0,16645.0,17064.0,16311.0,17118.5,17926.0
"Akron, OH Metro Area",10420,46521.0,47032.0,49731.0,49984.0,50538.0,51580.0,51598.0,56106.0,60019.0,57158.0,60262.5,63367.0
,10460,,35308.0,40583.0,44102.0,42603.0,36142.0,43646.0,43887.0,42591.0,39371.0,45292.5,51214.0
"Albany, GA Metro Area",10500,34002.0,32775.0,34469.0,34756.0,39071.0,40143.0,40667.0,43614.0,44896.0,40625.0,44642.0,48659.0
"Albany-Lebanon, OR Micro Area",10540,42900.0,42565.0,43489.0,45130.0,43428.0,47527.0,51310.0,51541.0,54113.0,61488.0,63342.0,65196.0
"Albany-Schenectady-Troy, NY Metro Area",10580,55796.0,58617.0,60625.0,59626.0,62265.0,63080.0,65855.0,68681.0,71301.0,73398.0,75835.0,78272.0
"Albertville, AL Micro Area",10700,39343.0,39245.0,36197.0,38116.0,33446.0,40525.0,42362.0,41476.0,47528.0,49467.0,49829.0,50191.0
"Albuquerque, NM Metro Area",10740,47383.0,45027.0,46725.0,48355.0,47581.0,48937.0,50954.0,50906.0,51134.0,58512.0,59291.0,60070.0
"Alexandria, LA Metro Area",10780,40017.0,35692.0,40896.0,39960.0,40209.0,42778.0,42136.0,40585.0,47391.0,50553.0,48792.5,47032.0
"Allegan, MI Micro Area",10880,44847.0,50508.0,50078.0,,,,,,,,,
"Allentown-Bethlehem-Easton, PA-NJ Metro Area",10900,55630.0,54169.0,55766.0,56543.0,60320.0,60671.0,63022.0,63944.0,65929.0,70793.0,71425.5,72058.0
"Altoona, PA Metro Area",11020,42990.0,43136.0,41258.0,42164.0,44019.0,45432.0,43443.0,45957.0,49942.0,51004.0,54182.5,57361.0
"Amarillo, TX Metro Area",11100,46390.0,47350.0,46434.0,49207.0,51280.0,51734.0,54478.0,53922.0,53087.0,53510.0,55932.0,58354.0
"Ames, IA Metro Area",11180,48034.0,45866.0,49489.0,50279.0,46091.0,50811.0,53371.0,60351.0,54586.0,62181.0,63375.0,64569.0
"Anchorage, AK Metro Area",11260,71490.0,71700.0,71494.0,76831.0,75682.0,78238.0,82203.0,76871.0,81037.0,80676.0,82576.0,84476.0
"Anderson, IN Metro Area",11300,38772.0,42129.0,42933.0,,,,,,,,,
"Anderson, SC Metro Area",11340,36770.0,40943.0,39232.0,,,,,,,,,
"Ann Arbor, MI Metro Area",11460,55880.0,56612.0,56330.0,59660.0,62845.0,61977.0,65601.0,70286.0,71860.0,76576.0,76747.0,76918.0
"Anniston-Oxford, AL Metro Area",11500,36675.0,39037.0,39169.0,36205.0,41428.0,42346.0,41687.0,46763.0,45818.0,48156.0,47340.0,46524.0
"Appleton, WI Metro Area",11540,55883.0,58172.0,60166.0,58410.0,60106.0,61245.0,63902.0,65990.0,65826.0,68335.0,71333.0,74331.0
,11640,,,,17833.0,16244.0,15750.0,18428.0,16624.0,17347.0,19163.0,19730.0,20297.0
"Asheville, NC Metro Area",11700,42168.0,41969.0,43172.0,43916.0,46917.0,44826.0,50541.0,50015.0,52410.0,57428.0,58844.5,60261.0
"Ashtabula, OH Micro Area",11780,38751.0,38204.0,36015.0,40839.0,39079.0,44511.0,42965.0,44173.0,46349.0,44580.0,45675.5,46771.0
,11900,,,,,,36511.0,36193.0,44247.0,36944.0,41851.0,,
"Athens, TX Micro Area",11980,36570.0,38278.0,37077.0,38493.0,41112.0,47906.0,44088.0,44971.0,42020.0,51521.0,50675.5,49830.0
"Athens-Clarke County, GA Metro Area",12020,40391.0,38663.0,38028.0,38227.0,41761.0,38643.0,43165.0,46521.0,51503.0,50962.0,55295.0,59628.0
"Atlanta-Sandy Springs-Marietta, GA Metro Area",12060,53182.0,52639.0,54628.0,55733.0,56166.0,60219.0,62613.0,65381.0,69464.0,71742.0,74665.5,77589.0
"Atlantic City-Hammonton, NJ Metro Area",12100,52571.0,50829.0,51191.0,52127.0,55313.0,54052.0,56778.0,61777.0,61212.0,63389.0,64888.5,66388.0
"Auburn, NY Micro Area",12180,49136.0,49256.0,50073.0,50154.0,53780.0,53146.0,54995.0,56599.0,52376.0,58665.0,61088.0,63511.0
"Auburn-Opelika, AL Metro Area",12220,39381.0,42965.0,45043.0,46068.0,39932.0,46589.0,48056.0,52943.0,46456.0,53712.0,53068.0,52424.0
"Augusta-Richmond County, GA-SC Metro Area",12260,44477.0,45368.0,44761.0,44187.0,46689.0,49721.0,48543.0,50492.0,52696.0,55143.0,55829.0,56515.0
"Augusta-Waterville, ME Micro Area",12300,44964.0,44259.0,46014.0,44724.0,44633.0,51335.0,51573.0,53073.0,51653.0,55389.0,57958.5,60528.0
"Austin-Round Rock-San Marcos, TX Metro Area",12420,55744.0,56783.0,59433.0,61750.0,63603.0,67195.0,71000.0,73800.0,76925.0,80954.0,83742.0,86530.0
"Bakersfield-Delano, CA Metro Area",12540,45524.0,45224.0,45910.0,46879.0,47644.0,51342.0,49903.0,49854.0,51579.0,53067.0,55642.0,58217.0
"Baltimore-Towson, MD Metro Area",12580,64812.0,65463.0,66970.0,68455.0,71501.0,72520.0,76788.0,77394.0,80469.0,83160.0,84731.0,86302.0
"Bangor, ME Metro Area",12620,42964.0,40669.0,41653.0,43598.0,42242.0,44173.0,47328.0,50349.0,47217.0,50449.0,53349.5,56250.0
,12660,,,,,,,,,,,,70914.0
"Barnstable Town, MA Metro Area",12700,55294.0,56699.0,59453.0,61026.0,65384.0,66102.0,67898.0,71235.0,68902.0,85042.0,84289.5,83537.0
"Baton Rouge, LA Metro Area",12940,48294.0,48441.0,50286.0,51134.0,52091.0,54774.0,52487.0,57401.0,57843.0,60746.0,59511.0,58276.0
"Battle Creek, MI Metro Area",12980,42921.0,38666.0,39190.0,44520.0,46088.0,43084.0,45902.0,45386.0,47204.0,49055.0,52123.5,55192.0
"Bay City, MI Metro Area",13020,45451.0,43361.0,44548.0,41281.0,46844.0,46560.0,44756.0,44770.0,50606.0,49610.0,53260.5,56911.0
"Beaumont-Port Arthur, TX Metro Area",13140,41291.0,43176.0,43421.0,45019.0,42494.0,49787.0,49364.0,49875.0,50378.0,58818.0,60123.5,61429.0
"Beaver Dam, WI Micro Area",13180,50797.0,51948.0,50781.0,51151.0,53139.0,55832.0,55856.0,56421.0,63077.0,61300.0,63536.5,65773.0
"Beckley, WV Micro Area",13220,37982.0,38304.0,40705.0,36781.0,39498.0,37101.0,44178.0,42493.0,38917.0,44785.0,41761.0,38737.0
"Bellingham, WA Metro Area",13380,49938.0,51500.0,51458.0,50186.0,53665.0,55016.0,56411.0,61186.0,62268.0,69372.0,70713.5,72055.0
"Bend, OR Metro Area",13460,44680.0,46984.0,47576.0,46791.0,52006.0,57373.0,61870.0,66273.0,67577.0,71643.0,75719.5,79796.0
"Billings, MT Metro Area",13740,47968.0,46586.0,49255.0,52583.0,51111.0,57249.0,58037.0,58085.0,59623.0,60962.0,65490.0,70018.0
"Binghamton, NY Metro Area",13780,45959.0,46323.0,48140.0,46836.0,48188.0,49386.0,51360.0,50545.0,53199.0,53768.0,55368.0,56968.0
"Birmingham-Hoover, AL Metro Area",13820,44216.0,45635.0,46763.0,48328.0,47046.0,51459.0,52226.0,53107.0,56409.0,58366.0,59545.5,60725.0
"Bismarck, ND Metro Area",13900,53403.0,58781.0,62028.0,64626.0,63356.0,65173.0,65527.0,66087.0,70550.0,70979.0,69386.0,67793.0
"Blacksburg-Christiansburg-Radford, VA Metro Area",13980,40127.0,40947.0,42455.0,42242.0,43709.0,50947.0,50950.0,52075.0,50313.0,56092.0,55414.5,54737.0
,14010,,,,61401.0,57592.0,63842.0,61320.0,65936.0,64822.0,68784.0,69198.0,69612.0
"Bloomington, IN Metro Area",14020,38143.0,39330.0,38794.0,42085.0,44963.0,44376.0,43693.0,49043.0,47335.0,52526.0,52557.0,52588.0
"Bloomington-Normal, IL Metro Area",14060,59588.0,57799.0,62117.0,,,,,,,,,
"Bloomsburg-Berwick, PA Micro Area",14100,42729.0,40628.0,48553.0,48007.0,49670.0,46688.0,50038.0,54137.0,50984.0,56672.0,56859.0,57046.0
"Bluefield, WV-VA Micro Area",14140,31841.0,34032.0,32863.0,36047.0,36690.0,37965.0,38488.0,35964.0,39276.0,42713.0,44006.5,45300.0
"Boise City-Nampa, ID Metro Area",14260,47237.0,45065.0,48968.0,49583.0,51826.0,51925.0,55162.0,55324.0,61407.0,66466.0,69904.5,73343.0
"Boston-Cambridge-Quincy, MA-NH Metro Area",14460,68020.0,69455.0,71738.0,72907.0,75667.0,78800.0,82380.0,85691.0,88711.0,94430.0,97590.0,100750.0
"Boulder, CO Metro Area",14500,61859.0,68637.0,66989.0,71604.0,71540.0,72009.0,74615.0,80834.0,83755.0,88535.0,89351.5,90168.0
"Bowling Green, KY Metro Area",14540,39092.0,38783.0,41140.0,46586.0,47277.0,43437.0,45649.0,46478.0,51365.0,51198.0,54127.5,57057.0
"Bozeman, MT Micro Area",14580,49506.0,50302.0,52274.0,58809.0,50238.0,57535.0,61211.0,60901.0,68266.0,75418.0,78090.5,80763.0
"Brainerd, MN Micro Area",14660,44028.0,45199.0,46294.0,49897.0,48463.0,50042.0,51162.0,53543.0,51177.0,58222.0,60228.5,62235.0
"Branson, MO Micro Area",14700,35897.0,37299.0,37558.0,35444.0,37821.0,41714.0,40633.0,45955.0,41913.0,,,
"Bremerton-Silverdale, WA Metro Area",14740,56303.0,60314.0,59073.0,62672.0,61794.0,66090.0,69171.0,73026.0,76945.0,79624.0,83469.0,87314.0
"Bridgeport-Stamford-Norwalk, CT Metro Area",14860,74831.0,77289.0,79841.0,82084.0,85925.0,86414.0,90123.0,91198.0,91079.0,97053.0,98931.5,100810.0
"Brownsville-Harlingen, TX Metro Area",15180,31736.0,32070.0,30953.0,34374.0,32093.0,34074.0,37061.0,36975.0,38378.0,41123.0,44619.0,48115.0
"Brunswick, GA Metro Area",15260,39066.0,42753.0,43346.0,39967.0,46268.0,44347.0,46014.0,47047.0,50499.0,57381.0,55971.0,54561.0
"Buffalo-Niagara Falls, NY Metro Area",15380,46420.0,47081.0,50269.0,50548.0,50074.0,51772.0,53487.0,55448.0,56195.0,60105.0,61449.5,62794.0
"Burlington, NC Metro Area",15500,41058.0,40699.0,39782.0,42512.0,39576.0,39541.0,45100.0,45150.0,49979.0,58490.0,58445.0,58400.0
"Burlington-South Burlington, VT Metro Area",15540,54738.0,60771.0,60889.0,62022.0,61947.0,66807.0,66367.0,63160.0,71452.0,74909.0,78380.5,81852.0
,15680,,,,78233.0,86417.0,85163.0,78195.0,81495.0,92250.0,87947.0,98172.0,108397.0
"Canton-Massillon, OH Metro Area",15940,42365.0,41770.0,45157.0,45168.0,47729.0,49313.0,50811.0,51198.0,51624.0,55706.0,57258.0,58810.0
"Cape Coral-Fort Myers, FL Metro Area",15980,43936.0,45266.0,46278.0,46383.0,49055.0,50651.0,52909.0,53928.0,56129.0,62240.0,64248.0,66256.0
"Cape Girardeau-Jackson, MO-IL Metro Area",16020,41288.0,39409.0,42686.0,41491.0,44347.0,47824.0,49059.0,47927.0,48026.0,52624.0,56675.0,60726.0
,16060,,,,38903.0,41174.0,42284.0,41603.0,43892.0,42716.0,46882.0,48917.5,50953.0
"Carson City, NV Metro Area",16180,52414.0,53707.0,49779.0,46616.0,43850.0,42251.0,52196.0,55700.0,56160.0,57270.0,61300.0,65330.0
"Casper, WY Metro Area",16220,51735.0,52603.0,54526.0,58635.0,56392.0,52886.0,59474.0,60546.0,64833.0,65034.0,64319.5,63605.0
"Cedar Rapids, IA Metro Area",16300,53755.0,54731.0,57222.0,56397.0,61865.0,58015.0,63385.0,63697.0,62882.0,64088.0,67005.5,69923.0
"Centralia, WA Micro Area",16500,38643.0,41931.0,42927.0,40601.0,43575.0,48179.0,45523.0,49827.0,61058.0,58911.0,61979.0,65047.0
"Chambersburg, PA Micro Area",16540,49514.0,49068.0,51938.0,54303.0,49487.0,57960.0,60559.0,60459.0,61208.0,62484.0,64599.5,66715.0
"Champaign-Urbana, IL Metro Area",16580,45845.0,42328.0,47632.0,47258.0,48063.0,51600.0,50564.0,50999.0,52912.0,53081.0,56135.0,59189.0
"Charleston, WV Metro Area",16620,43922.0,40990.0,47610.0,45251.0,42761.0,42526.0,41689.0,41558.0,40806.0,47500.0,50524.5,53549.0
,16660,,43135.0,33319.0,37756.0,39397.0,42623.0,40329.0,,,,,
"Charleston-North Charleston-Summerville, SC Metro Area",16700,48062.0,50213.0,50108.0,51771.0,53572.0,56430.0,57659.0,60546.0,64283.0,70505.0,71612.0,72719.0
"Charlotte-Gastonia-Rock Hill, NC-SC Metro Area",16740,50449.0,50671.0,52470.0,51251.0,53549.0,54836.0,59979.0,61156.0,62068.0,66399.0,68720.0,71041.0
"Charlottesville, VA Metro Area",16820,56808.0,56652.0,62880.0,58375.0,58189.0,63918.0,62523.0,66853.0,71052.0,75907.0,77363.0,78819.0
"Chattanooga, TN-GA Metro Area",16860,42288.0,42166.0,43475.0,47702.0,46600.0,47809.0,46537.0,50250.0,54732.0,55366.0,58875.5,62385.0
"Cheyenne, WY Metro Area",16940,48784.0,54053.0,54192.0,61661.0,57551.0,60599.0,62221.0,61961.0,64306.0,70567.0,65974.0,61381.0
"Chicago-Joliet-Naperville, IL-IN-WI Metro Area",16980,57104.0,57267.0,59261.0,60564.0,61598.0,63153.0,66020.0,68403.0,70760.0,75379.0,76772.5,78166.0
"Chico, CA Metro Area",17020,41657.0,39179.0,40960.0,42752.0,42365.0,45644.0,45177.0,49061.0,51652.0,62563.0,63650.5,64738.0
"Chillicothe, OH Micro Area",17060,40811.0,43464.0,42951.0,40493.0,40764.0,44907.0,46422.0,50713.0,46769.0,55717.0,53056.0,50395.0
"Cincinnati-Middletown, OH-KY-IN Metro Area",17140,51572.0,52373.0,52439.0,53378.0,55729.0,56826.0,60260.0,61653.0,62743.0,66825.0,68821.5,70818.0
,17200,,,,54432.0,55726.0,55882.0,59132.0,60948.0,61558.0,,,
"Clarksburg, WV Micro Area",17220,38866.0,40234.0,40108.0,41153.0,41708.0,46903.0,46987.0,57628.0,45315.0,53088.0,52240.5,51393.0
"Clarksville, TN-KY Metro Area",17300,42262.0,42658.0,44392.0,48938.0,45130.0,46070.0,51373.0,54667.0,51280.0,53547.0,56401.0,59255.0
"Clearlake, CA Micro Area",17340,34910.0,35991.0,33219.0,37079.0,34529.0,37294.0,42029.0,48930.0,48554.0,47138.0,54179.5,61221.0
"Cleveland, TN Metro Area",17420,37193.0,37092.0,38343.0,42107.0,41176.0,42380.0,44881.0,46822.0,48101.0,52178.0,54264.0,56350.0
"Cleveland-Elyria-Mentor, OH Metro Area",17460,46231.0,45936.0,46944.0,49358.0,49889.0,51049.0,52131.0,52489.0,56203.0,57228.0,59771.5,62315.0
"Coamo, PR Micro Area",17620,15902.0,13443.0,17970.0,,,,,,,,,
"Coeur d'Alene, ID Metro Area",17660,42316.0,47782.0,46870.0,54919.0,48776.0,47860.0,51765.0,57219.0,55236.0,62579.0,65086.0,67593.0
"College Station-Bryan, TX Metro Area",17780,35961.0,35417.0,40346.0,39657.0,42116.0,46341.0,42233.0,45515.0,50512.0,55670.0,52798.5,49927.0
"Colorado Springs, CO Metro Area",17820,51683.0,54877.0,55320.0,57484.0,59411.0,60458.0,63651.0,65593.0,67430.0,72633.0,75823.5,79014.0
"Columbia, MO Metro Area",17860,40853.0,46703.0,43172.0,48953.0,50085.0,50520.0,52752.0,51340.0,54356.0,57359.0,59570.0,61781.0
"Columbia, SC Metro Area",17900,45929.0,45292.0,48763.0,48672.0,50091.0,51369.0,52247.0,54480.0,53765.0,55725.0,56969.0,58213.0
"Columbia, TN Micro Area",17940,45435.0,40518.0,41953.0,,,,,,,,,
"Columbus, GA-AL Metro Area",17980,36553.0,39574.0,42972.0,40388.0,42669.0,41592.0,43412.0,43051.0,49731.0,49013.0,50907.5,52802.0
"Columbus, IN Metro Area",18020,47192.0,54197.0,53671.0,52505.0,53002.0,54447.0,59102.0,61533.0,62047.0,72555.0,73059.5,73564.0
"Columbus, OH Metro Area",18140,51039.0,52315.0,53699.0,54079.0,56371.0,58192.0,60294.0,63764.0,64052.0,67207.0,69523.0,71839.0
"Concord, NH Micro Area",18180,61310.0,66221.0,58742.0,65662.0,62418.0,68566.0,69505.0,70764.0,75088.0,76218.0,78568.0,80918.0
"Cookeville, TN Micro Area",18260,34208.0,31258.0,31813.0,32438.0,36411.0,37933.0,35028.0,38421.0,45179.0,47879.0,49269.5,50660.0
"Coos Bay, OR Micro Area",18300,35955.0,36712.0,35016.0,37522.0,40967.0,38351.0,40938.0,41212.0,50323.0,50527.0,,
"Corning, NY Micro Area",18500,45995.0,43457.0,46445.0,47046.0,46889.0,47146.0,50575.0,50930.0,55569.0,52951.0,55164.5,57378.0
"Corpus Christi, TX Metro Area",18580,41994.0,44342.0,49047.0,48688.0,52050.0,50253.0,53775.0,52193.0,54264.0,56991.0,58422.0,59853.0
"Corvallis, OR Metro Area",18700,45913.0,42513.0,51133.0,47808.0,52486.0,52852.0,55459.0,60260.0,63773.0,70835.0,67499.0,64163.0
"Crestview-Fort Walton Beach-Destin, FL Metro Area",18880,51529.0,49158.0,52787.0,53000.0,53679.0,53488.0,58624.0,59619.0,63710.0,62627.0,64828.0,67029.0
"Cullman, AL Micro Area",18980,35786.0,40054.0,37287.0,39936.0,38261.0,37862.0,39411.0,45044.0,44612.0,50906.0,53211.5,55517.0
"Cumberland, MD-WV Metro Area",19060,34847.0,34819.0,35645.0,35211.0,38580.0,39408.0,45808.0,42113.0,44607.0,49729.0,50584.5,51440.0
"Dallas-Fort Worth-Arlington, TX Metro Area",19100,54449.0,55546.0,56954.0,57398.0,59530.0,61644.0,63812.0,67382.0,69445.0,72265.0,74120.0,75975.0
"Dalton, GA Metro Area",19140,39476.0,35120.0,32858.0,37659.0,41034.0,45632.0,43348.0,41441.0,45326.0,51967.0,53128.0,54289.0
"Danville, IL Metro Area",19180,38167.0,40869.0,40311.0,45089.0,41690.0,45098.0,45481.0,42345.0,43655.0,43111.0,46101.0,49091.0
"Danville, VA Metro Area",19260,35964.0,36907.0,38071.0,35266.0,40932.0,37623.0,42755.0,39919.0,39512.0,45971.0,45379.0,44787.0
"Daphne-Fairhope-Foley, AL Micro Area",19300,47502.0,50900.0,48378.0,44874.0,48461.0,52003.0,56732.0,55342.0,56813.0,56439.0,60152.5,63866.0
"Davenport-Moline-Rock Island, IA-IL Metro Area",19340,46310.0,47122.0,51678.0,51288.0,51410.0,55496.0,52590.0,54173.0,55635.0,62001.0,61583.5,61166.0
"Dayton, OH Metro Area",19380,43832.0,44141.0,45524.0,47063.0,46697.0,49504.0,51427.0,52745.0,54942.0,,,
,19430,,,,,,,,,,58169.0,60077.5,61986.0
"Decatur, AL Metro Area",19460,42172.0,41971.0,42088.0,42598.0,44600.0,46157.0,44575.0,47042.0,49133.0,53447.0,55244.0,57041.0
"Decatur, IL Metro Area",19500,40919.0,44415.0,44533.0,45957.0,47574.0,48040.0,46198.0,51970.0,50066.0,50839.0,48823.0,46807.0
"Deltona-Daytona Beach-Ormond Beach, FL Metro Area",19660,41556.0,38213.0,40106.0,41554.0,42468.0,43284.0,46090.0,47351.0,51364.0,54533.0,56852.0,59171.0
"Denver-Aurora-Broomfield, CO Metro Area",19740,58732.0,59230.0,61453.0,62760.0,66870.0,70283.0,71926.0,76643.0,79478.0,85641.0,88178.5,90716.0
"Des Moines-West Des Moines, IA Metro Area",19780,54685.0,58228.0,59157.0,61194.0,62446.0,62024.0,65704.0,68649.0,71352.0,71164.0,72686.0,74208.0
"Detroit-Warren-Livonia, MI Metro Area",19820,48198.0,48968.0,50310.0,51857.0,52462.0,53628.0,56142.0,58411.0,60513.0,63474.0,65313.5,67153.0
"Dothan, AL Metro Area",20020,38638.0,40465.0,37632.0,40186.0,38300.0,42492.0,41040.0,45396.0,45152.0,50010.0,48837.5,47665.0
"Dover, DE Metro Area",20100,54617.0,52512.0,52894.0,54794.0,55227.0,56778.0,54140.0,57608.0,54419.0,58001.0,61154.5,64308.0
,20140,,,,,,,,,,39625.0,,
"DuBois, PA Micro Area",20180,36331.0,42780.0,41817.0,39236.0,39592.0,44666.0,47352.0,48581.0,46205.0,45643.0,50418.0,55193.0
"Dubuque, IA Metro Area",20220,49776.0,53011.0,49793.0,51735.0,56129.0,58487.0,60456.0,61497.0,60225.0,62178.0,68884.0,75590.0
"Duluth, MN-WI Metro Area",20260,42083.0,46110.0,46848.0,46385.0,50275.0,50566.0,51294.0,54162.0,53767.0,60316.0,62638.0,64960.0
"Dunn, NC Micro Area",20380,39584.0,39513.0,45655.0,45533.0,44880.0,48960.0,51637.0,51479.0,51022.0,,,
"Durham-Chapel Hill, NC Metro Area",20500,47982.0,48689.0,50262.0,53492.0,51988.0,54160.0,56182.0,61271.0,62114.0,65303.0,68452.0,71601.0
"East Liverpool-Salem, OH Micro Area",20620,35909.0,43975.0,44210.0,,,,,,,,,
"East Stroudsburg, PA Micro Area",20700,54549.0,51875.0,56178.0,55536.0,63118.0,57318.0,60095.0,61612.0,64170.0,62413.0,70494.0,78575.0
"Eau Claire, WI Metro Area",20740,44086.0,49375.0,48691.0,49046.0,48873.0,52094.0,51058.0,55480.0,60081.0,63460.0,62572.0,61684.0
"El Centro, CA Metro Area",20940,41802.0,37843.0,40200.0,43310.0,39290.0,40852.0,49095.0,47211.0,48984.0,48472.0,50140.5,51809.0
,21020,,,45779.0,44473.0,46866.0,44807.0,49781.0,46153.0,50391.0,,,
"Elizabethtown, KY Metro Area",21060,42363.0,46448.0,47323.0,46680.0,49649.0,48955.0,51936.0,52622.0,51147.0,55246.0,57635.5,60025.0
"Elkhart-Goshen, IN Metro Area",21140,41748.0,43317.0,45315.0,45387.0,49937.0,49556.0,54216.0,58960.0,58350.0,54531.0,57337.0,60143.0
"Elmira, NY Metro Area",21300,47643.0,50120.0,45974.0,45237.0,50232.0,53119.0,51269.0,51194.0,53005.0,60782.0,60500.5,60219.0
"El Paso, TX Metro Area",21340,36015.0,39573.0,40345.0,39873.0,40133.0,43633.0,42116.0,44416.0,43862.0,48823.0,49912.5,51002.0
,21420,,,,,,,50288.0,47915.0,53946.0,64929.0,62825.0,60721.0
"Enterprise-Ozark, AL Micro Area",21460,40886.0,41909.0,43128.0,,,,,,,,,
"Erie, PA Metro Area",21500,42519.0,41975.0,46563.0,44292.0,45560.0,47386.0,48964.0,50614.0,48007.0,51818.0,54334.5,56851.0
"Eugene-Springfield, OR Metro Area",21660,40276.0,40584.0,40675.0,43459.0,44877.0,47318.0,47777.0,50654.0,53172.0,57325.0,59518.5,61712.0
"Eureka-Arcata-Fortuna, CA Micro Area",21700,38492.0,41187.0,40682.0,42092.0,40598.0,40484.0,43130.0,46494.0,50294.0,51662.0,53207.0,54752.0
"Evansville, IN-KY Metro Area",21780,44319.0,46721.0,44887.0,45332.0,46547.0,48662.0,50155.0,51964.0,55412.0,55584.0,57368.5,59153.0
"Fairbanks, AK Metro Area",21820,60785.0,65920.0,66539.0,69113.0,69820.0,72975.0,77328.0,76747.0,75448.0,72065.0,72107.0,72149.0
"Fajardo, PR Metro Area",21940,18966.0,18186.0,21978.0,,,,,,,,,
"Fargo, ND-MN Metro Area",22020,50088.0,52393.0,51525.0,51961.0,53867.0,56051.0,60009.0,63353.0,65073.0,62820.0,64518.0,66216.0
,22060,,,,58584.0,60527.0,57323.0,69135.0,64014.0,65839.0,72469.0,69868.0,67267.0
"Farmington, MO Micro Area",22100,33428.0,34260.0,34129.0,37349.0,41713.0,42863.0,45431.0,39288.0,46796.0,42390.0,45036.0,47682.0
"Farmington, NM Metro Area",22140,45127.0,51728.0,46385.0,43787.0,48773.0,49613.0,52003.0,45942.0,44841.0,44321.0,46070.0,47819.0
"Fayetteville, NC Metro Area",22180,43458.0,42955.0,44823.0,42968.0,42181.0,41921.0,45293.0,44757.0,46679.0,47597.0,51312.0,55027.0
"Fayetteville-Springdale-Rogers, AR-MO Metro Area",22220,45101.0,45138.0,45611.0,47905.0,50128.0,50788.0,51848.0,56038.0,57911.0,61674.0,66720.5,71767.0
"Findlay, OH Micro Area",22300,50150.0,46742.0,47947.0,46382.0,50898.0,54709.0,52810.0,51360.0,60788.0,60944.0,62484.0,64024.0
"Flagstaff, AZ Metro Area",22380,42130.0,45045.0,45640.0,50637.0,49757.0,53152.0,55091.0,54893.0,61843.0,58085.0,61309.0,64533.0
"Flint, MI Metro Area",22420,38819.0,40843.0,40323.0,41249.0,41682.0,44025.0,43955.0,46298.0,48127.0,50389.0,51207.0,52025.0
"Florence, SC Metro Area",22500,37590.0,39961.0,38163.0,38577.0,40139.0,38062.0,42200.0,40562.0,42612.0,48547.0,49135.5,49724.0
"Florence-Muscle Shoals, AL Metro Area",22520,37638.0,37998.0,41450.0,42898.0,41597.0,41547.0,45287.0,45903.0,49407.0,45824.0,48731.5,51639.0
"Fond du Lac, WI Metro Area",22540,49718.0,53202.0,53065.0,54198.0,51717.0,57620.0,58310.0,61417.0,57415.0,65329.0,67198.5,69068.0
"Forest City, NC Micro Area",22580,35442.0,35786.0,32836.0,34993.0,34347.0,35594.0,36121.0,40570.0,43111.0,44361.0,,
"Fort Collins-Loveland, CO Metro Area",22660,54154.0,55219.0,55890.0,59052.0,56575.0,64919.0,66469.0,69102.0,71091.0,75186.0,76647.5,78109.0
"Fort Payne, AL Micro Area",22840,35967.0,36541.0,38445.0,,,,35963.0,39373.0,36998.0,44208.0,43004.0,41800.0
"Fort Smith, AR-OK Metro Area",22900,37992.0,35965.0,36061.0,37633.0,39207.0,41040.0,40970.0,40282.0,44317.0,45157.0,47111.0,49065.0
"Fort Wayne, IN Metro Area",23060,47004.0,47485.0,49301.0,46005.0,49405.0,50856.0,51519.0,52908.0,55491.0,57287.0,59721.0,62155.0
"Frankfort, KY Micro Area",23180,45939.0,44805.0,49128.0,44534.0,50884.0,52190.0,54000.0,51695.0,52134.0,59495.0,60808.5,62122.0
"Fresno, CA Metro Area",23420,45221.0,42807.0,41627.0,43925.0,43423.0,46949.0,48715.0,51800.0,52629.0,57518.0,60587.0,63656.0
"Gadsden, AL Metro Area",23460,35897.0,33313.0,34264.0,39459.0,40529.0,43346.0,41152.0,41576.0,45868.0,41447.0,43372.5,45298.0
"Gainesville, FL Metro Area",23540,40274.0,39493.0,41226.0,38658.0,45353.0,46949.0,45279.0,44548.0,50495.0,47762.0,50745.0,53728.0
"Gainesville, GA Metro Area",23580,47002.0,50108.0,49737.0,44998.0,52519.0,55009.0,54917.0,61977.0,61699.0,67467.0,67093.0,66719.0
"Galesburg, IL Micro Area",23660,39110.0,40409.0,40435.0,,,,,,,,,
"Gallup, NM Micro Area",23700,29369.0,28983.0,29696.0,24945.0,27041.0,28212.0,31526.0,31565.0,34080.0,37153.0,39398.0,41643.0
"Gettysburg, PA Micro Area",23900,55652.0,54906.0,60136.0,59029.0,61543.0,61023.0,59300.0,63107.0,62284.0,67715.0,70350.0,72985.0
"Glens Falls, NY Metro Area",24020,50936.0,51722.0,53368.0,53562.0,51880.0,55186.0,54414.0,58723.0,57058.0,61255.0,63406.0,65557.0
,24060,,,,56652.0,62927.0,64945.0,70234.0,68406.0,76184.0,78010.0,82391.0,86772.0
"Goldsboro, NC Metro Area",24140,40787.0,39085.0,37905.0,42193.0,35966.0,40361.0,41711.0,44347.0,40791.0,44596.0,46095.5,47595.0
"Grand Forks, ND-MN Metro Area",24220,46057.0,46718.0,43648.0,50891.0,49691.0,53443.0,48671.0,48609.0,54659.0,57301.0,59934.5,62568.0
"Grand Island, NE Micro Area",24260,46479.0,45590.0,47588.0,50567.0,49742.0,51371.0,55435.0,60116.0,54235.0,55907.0,58828.0,61749.0
"Grand Junction, CO Metro Area",24300,46231.0,47664.0,45892.0,46723.0,50174.0,51465.0,48846.0,52742.0,49848.0,60500.0,62277.5,64055.0
"Grand Rapids-Wyoming, MI Metro Area",24340,47040.0,49589.0,50658.0,52485.0,54372.0,55459.0,60212.0,61298.0,63344.0,65739.0,68876.5,72014.0
"Grants Pass, OR Micro Area",24420,36626.0,37048.0,34430.0,38298.0,36870.0,41493.0,36472.0,44426.0,48315.0,47573.0,48179.0,48785.0
"Great Falls, MT Metro Area",24500,41871.0,42623.0,41732.0,43947.0,42170.0,45606.0,45138.0,47713.0,49948.0,51227.0,54466.5,57706.0
"Greeley, CO Metro Area",24540,51956.0,51059.0,55357.0,58611.0,62083.0,70256.0,63400.0,68884.0,75938.0,78615.0,81952.5,85290.0
"Green Bay, WI Metro Area",24580,49016.0,52725.0,50777.0,51148.0,53208.0,54847.0,58011.0,60456.0,61400.0,65026.0,65839.0,66652.0
"Greeneville, TN Micro Area",24620,35196.0,31873.0,34536.0,35981.0,36694.0,34768.0,41109.0,37920.0,47383.0,44722.0,50605.0,56488.0
,24640,,,,52339.0,55572.0,58613.0,57106.0,58824.0,59248.0,,,
"Greensboro-High Point, NC Metro Area",24660,41120.0,41399.0,41751.0,43791.0,42565.0,45749.0,46135.0,50285.0,50026.0,51770.0,54839.0,57908.0
"Greenville, NC Metro Area",24780,39664.0,38322.0,37759.0,40639.0,41632.0,41453.0,46573.0,45849.0,42481.0,53401.0,48925.5,44450.0
"Greenville-Mauldin-Easley, SC Metro Area",24860,42640.0,44536.0,43724.0,44853.0,44783.0,48180.0,50644.0,51154.0,55790.0,58621.0,60443.0,62265.0
"Greenwood, SC Micro Area",24940,30808.0,35678.0,35923.0,34006.0,36847.0,39555.0,38519.0,39828.0,41959.0,42148.0,47392.0,52636.0
"Guayama, PR Metro Area",25020,18991.0,16118.0,14879.0,12365.0,14187.0,16135.0,16595.0,14676.0,17062.0,16655.0,16514.0,16373.0
"Gulfport-Biloxi, MS Metro Area",25060,41875.0,38287.0,41254.0,44951.0,43906.0,44328.0,46434.0,47099.0,47444.0,50642.0,53495.0,56348.0
"Hagerstown-Martinsburg, MD-WV Metro Area",25180,50529.0,50797.0,51386.0,56424.0,56537.0,55142.0,55862.0,59801.0,61256.0,60095.0,63733.5,67372.0
"Hammond, LA Micro Area",25220,37390.0,39391.0,34904.0,44166.0,40689.0,42962.0,48162.0,44861.0,48205.0,47825.0,50348.5,52872.0
"Hanford-Corcoran, CA Metro Area",25260,44609.0,50345.0,45935.0,45774.0,42784.0,45746.0,53234.0,57555.0,61663.0,58453.0,60304.0,62155.0
"Harrisburg-Carlisle, PA Metro Area",25420,54009.0,55382.0,54742.0,56484.0,57742.0,58166.0,61467.0,65069.0,64213.0,67069.0,70314.0,73559.0
"Harrisonburg, VA Metro Area",25500,45188.0,46618.0,44971.0,46710.0,51136.0,47420.0,51369.0,54681.0,53046.0,60740.0,63652.0,66564.0
"Hartford-West Hartford-East Hartford, CT Metro Area",25540,63104.0,64508.0,66732.0,66356.0,68532.0,72275.0,72559.0,71414.0,77258.0,77005.0,79631.5,82258.0
"Hattiesburg, MS Metro Area",25620,38538.0,37378.0,36815.0,40364.0,42028.0,41938.0,46765.0,46167.0,45249.0,48359.0,51901.5,55444.0
,25720,,,,,,,,,,99265.0,107226.5,115188.0
"Helena, MT Micro Area",25740,52114.0,54455.0,60231.0,55527.0,54401.0,60278.0,62437.0,60472.0,65145.0,68095.0,66866.5,65638.0
,25840,,,,49690.0,44715.0,49973.0,50037.0,51705.0,56211.0,60870.0,60239.0,59608.0
"Hickory-Lenoir-Morganton, NC Metro Area",25860,39381.0,38923.0,37364.0,38039.0,41106.0,40380.0,42572.0,48079.0,47544.0,50631.0,51684.0,52737.0
"Hilo, HI Micro Area",25900,47100.0,46479.0,50285.0,48399.0,52788.0,60033.0,55750.0,57545.0,57571.0,67075.0,68274.0,69473.0
"Hilton Head Island-Beaufort, SC Micro Area",25940,52496.0,51232.0,51209.0,52269.0,52691.0,55923.0,63756.0,55430.0,63723.0,71252.0,69515.5,67779.0
"Hinesville-Fort Stewart, GA Metro Area",25980,37536.0,42659.0,43368.0,40559.0,43331.0,37211.0,46241.0,49364.0,47234.0,53060.0,51396.5,49733.0
,26020,,50758.0,51504.0,56191.0,61351.0,56260.0,55636.0,55952.0,50871.0,68457.0,59591.0,50725.0
,26090,,,,56077.0,53796.0,55250.0,57846.0,62853.0,61353.0,66278.0,70324.5,74371.0
"Holland-Grand Haven, MI Metro Area",26100,53056.0,53553.0,54323.0,,,,,,,,,
"Homosassa Springs, FL Micro Area",26140,35459.0,33764.0,39322.0,40015.0,35671.0,40294.0,39206.0,43548.0,39964.0,50751.0,48974.0,47197.0
"Honolulu, HI Metro Area",26180,68537.0,66146.0,71404.0,,,,,,,,,
"Hot Springs, AR Metro Area",26300,36482.0,34251.0,40893.0,39589.0,41032.0,37013.0,42826.0,46101.0,42779.0,45265.0,46479.5,47694.0
"Houma-Bayou Cane-Thibodaux, LA Metro Area",26380,48185.0,44987.0,48866.0,54070.0,45104.0,48119.0,49929.0,47069.0,51440.0,49874.0,55676.0,61478.0
"Houston-Sugar Land-Baytown, TX Metro Area",26420,53942.0,54901.0,55910.0,57366.0,60072.0,61465.0,61708.0,63802.0,65394.0,69193.0,70043.0,70893.0
"Huntington-Ashland, WV-KY-OH Metro Area",26580,36022.0,36894.0,39160.0,43543.0,40830.0,42237.0,42420.0,40646.0,45535.0,48329.0,49392.5,50456.0
"Huntsville, AL Metro Area",26620,52384.0,51734.0,54617.0,55857.0,56453.0,57792.0,58238.0,61331.0,63765.0,67157.0,72060.0,76963.0
"Huntsville, TX Micro Area",26660,35806.0,38869.0,36382.0,35456.0,38688.0,39521.0,42199.0,39866.0,40500.0,47170.0,44320.0,41470.0
"Hutchinson, KS Micro Area",26740,41946.0,41644.0,42739.0,44077.0,47359.0,47376.0,45249.0,48415.0,48837.0,53584.0,,
"Idaho Falls, ID Metro Area",26820,50113.0,47121.0,49200.0,50439.0,50208.0,52689.0,60133.0,54515.0,58880.0,63616.0,67087.5,70559.0
"Indiana, PA Micro Area",26860,41162.0,42498.0,44403.0,45266.0,42431.0,46990.0,42962.0,46237.0,49448.0,51914.0,51968.5,52023.0
"Indianapolis-Carmel, IN Metro Area",26900,48867.0,50826.0,51808.0,51087.0,52268.0,54322.0,56750.0,59566.0,61022.0,62502.0,66363.0,70224.0
"Iowa City, IA Metro Area",26980,48425.0,52602.0,52767.0,52220.0,59791.0,55332.0,57777.0,60888.0,64635.0,63761.0,64988.5,66216.0
"Ithaca, NY Metro Area",27060,52064.0,51586.0,49930.0,48516.0,52885.0,58084.0,56349.0,56672.0,57276.0,58626.0,62533.5,66441.0
"Jackson, MI Metro Area",27100,42862.0,41686.0,42653.0,43668.0,45371.0,50783.0,50009.0,50258.0,51031.0,55124.0,56689.0,58254.0
"Jackson, MS Metro Area",27140,42501.0,43732.0,42604.0,43611.0,46967.0,46757.0,50632.0,52434.0,55700.0,52426.0,53274.5,54123.0
"Jackson, TN Metro Area",27180,40464.0,38170.0,42270.0,38663.0,40338.0,46553.0,42373.0,43570.0,45610.0,48700.0,50443.0,52186.0
"Jacksonville, FL Metro Area",27260,50324.0,50130.0,48118.0,51495.0,51117.0,53221.0,56840.0,58709.0,60238.0,65880.0,67137.0,68394.0
"Jacksonville, NC Metro Area",27340,41787.0,45573.0,44250.0,44673.0,47581.0,45832.0,47150.0,49883.0,50639.0,49544.0,52539.0,55534.0
"Jamestown-Dunkirk-Fredonia, NY Micro Area",27460,40443.0,40927.0,41376.0,40413.0,41808.0,44460.0,42204.0,46079.0,45479.0,50272.0,48466.5,46661.0
"Janesville, WI Metro Area",27500,46758.0,47559.0,45989.0,47118.0,50610.0,53777.0,50729.0,55304.0,57037.0,61243.0,63666.5,66090.0
,27600,,,,,,,,66557.0,73150.0,65063.0,68589.5,72116.0
"Jefferson City, MO Metro Area",27620,51742.0,50708.0,46835.0,47586.0,51329.0,55069.0,55031.0,52579.0,60281.0,60786.0,62364.0,63942.0
"Johnson City, TN Metro Area",27740,36791.0,36550.0,39137.0,37423.0,38813.0,40388.0,40943.0,40663.0,45839.0,45917.0,48518.0,51119.0
"Johnstown, PA Metro Area",27780,41220.0,40253.0,39969.0,41423.0,43224.0,44179.0,44100.0,46598.0,45084.0,49076.0,51035.5,52995.0
"Jonesboro, AR Metro Area",27860,35526.0,34673.0,41551.0,39552.0,40751.0,37378.0,41717.0,48929.0,43927.0,44998.0,46466.5,47935.0
"Joplin, MO Metro Area",27900,38448.0,40952.0,38229.0,40852.0,42705.0,45089.0,45876.0,48979.0,47012.0,48909.0,51977.0,55045.0
"Kahului-Wailuku, HI Micro Area",27980,60617.0,60147.0,61207.0,65541.0,66987.0,70468.0,72268.0,80183.0,82917.0,80754.0,78513.5,76273.0
"Kalamazoo-Portage, MI Metro Area",28020,43634.0,44595.0,44326.0,45699.0,45721.0,51167.0,52045.0,55129.0,56016.0,56441.0,59284.5,62128.0
"Kalispell, MT Micro Area",28060,41854.0,44207.0,46444.0,47802.0,47362.0,46899.0,50142.0,59735.0,53193.0,62588.0,64357.0,66126.0
"Kankakee-Bradley, IL Metro Area",28100,44784.0,45669.0,51703.0,49761.0,58378.0,53850.0,54911.0,58539.0,51404.0,60923.0,62143.5,63364.0
"Kansas City, MO-KS Metro Area",28140,53919.0,53376.0,54519.0,56248.0,56994.0,60502.0,61385.0,63404.0,65768.0,70215.0,72057.5,73900.0
"Kapaa, HI Micro Area",28180,55246.0,60751.0,59238.0,60155.0,64847.0,77140.0,71344.0,83860.0,80921.0,81971.0,81276.5,80582.0
"Keene, NH Micro Area",28300,48030.0,54049.0,56238.0,51945.0,56652.0,61780.0,56364.0,61257.0,59186.0,66088.0,66716.0,67344.0
"Kennewick-Pasco-Richland, WA Metro Area",28420,56407.0,59256.0,57189.0,58542.0,58020.0,61361.0,61021.0,63617.0,64908.0,68283.0,73325.0,78367.0
"Key West, FL Micro Area",28580,50619.0,51524.0,53637.0,50838.0,59388.0,61020.0,65717.0,65747.0,71973.0,68589.0,68576.0,68563.0
"Killeen-Temple-Fort Hood, TX Metro Area",28660,49778.0,46468.0,48633.0,50447.0,50478.0,48612.0,52202.0,53303.0,53686.0,54370.0,57061.5,59753.0
"Kingsport-Bristol-Bristol, TN-VA Metro Area",28700,34741.0,37804.0,37769.0,39128.0,39213.0,41206.0,40811.0,43516.0,41957.0,48615.0,48693.0,48771.0
"Kingston, NY Metro Area",28740,51301.0,55006.0,57566.0,58429.0,58093.0,59758.0,62790.0,63621.0,63889.0,64087.0,71512.5,78938.0
"Klamath Falls, OR Micro Area",28900,37660.0,36464.0,38987.0,36885.0,39148.0,43952.0,45604.0,38916.0,45354.0,56348.0,51534.5,46721.0
"Knoxville, TN Metro Area",28940,43114.0,44514.0,44766.0,45051.0,45151.0,48382.0,49862.0,51848.0,53523.0,56623.0,59607.5,62592.0
"Kokomo, IN Metro Area",29020,41180.0,40126.0,39885.0,44265.0,47159.0,46793.0,45702.0,49346.0,55868.0,53440.0,54264.0,55088.0
"La Crosse, WI-MN Metro Area",29100,47696.0,50314.0,47642.0,51024.0,50568.0,50705.0,55717.0,56552.0,60402.0,59608.0,60475.0,61342.0
"Lafayette, IN Metro Area",29140,40577.0,42872.0,43881.0,,,,,,,,,
"Lafayette, LA Metro Area",29180,46730.0,43332.0,46813.0,48105.0,48668.0,48370.0,45409.0,47848.0,50825.0,53493.0,53712.0,53931.0
,29200,,,,48372.0,46109.0,50088.0,51410.0,52224.0,50799.0,49908.0,51733.5,53559.0
"LaGrange, GA Micro Area",29300,41477.0,40368.0,36739.0,43642.0,40486.0,39067.0,42371.0,38977.0,44260.0,46217.0,47752.0,49287.0
"Lake Charles, LA Metro Area",29340,40194.0,40787.0,45102.0,43479.0,46336.0,46229.0,46005.0,52314.0,49072.0,51547.0,55141.5,58736.0
"Lake City, FL Micro Area",29380,32488.0,35008.0,36542.0,45220.0,38520.0,47808.0,42019.0,40811.0,48848.0,47094.0,50585.5,54077.0
"Lake Havasu City-Kingman, AZ Metro Area",29420,36456.0,35983.0,34445.0,39058.0,37674.0,40908.0,42423.0,42311.0,46060.0,50179.0,48397.5,46616.0
"Lakeland-Winter Haven, FL Metro Area",29460,41174.0,40272.0,41325.0,42435.0,42780.0,44061.0,46355.0,48475.0,51670.0,51833.0,54106.0,56379.0
"Lancaster, PA Metro Area",29540,51740.0,53387.0,54776.0,56922.0,57403.0,59262.0,61335.0,63407.0,66277.0,67376.0,71532.0,75688.0
"Lancaster, SC Micro Area",29580,35634.0,40232.0,44959.0,,,,,,,,,
"Lansing-East Lansing, MI Metro Area",29620,47731.0,46571.0,48637.0,49383.0,49697.0,51839.0,53296.0,56440.0,59494.0,59117.0,60548.5,61980.0
"Laredo, TX Metro Area",29700,35770.0,36132.0,36624.0,39991.0,38312.0,39774.0,35659.0,43408.0,46862.0,56084.0,53975.5,51867.0
"Las Cruces, NM Metro Area",29740,35230.0,36101.0,37566.0,36343.0,39502.0,39902.0,37496.0,37144.0,35262.0,43038.0,44108.0,45178.0
"Las Vegas-Paradise, NV Metro Area",29820,51437.0,48215.0,49546.0,51057.0,51214.0,51552.0,54384.0,57189.0,57076.0,62107.0,62892.0,63677.0
"Laurel, MS Micro Area",29860,35438.0,36277.0,34064.0,34844.0,37578.0,32339.0,40954.0,38542.0,44439.0,39213.0,40112.5,41012.0
"Lawrence, KS Metro Area",29940,47263.0,47757.0,50184.0,52150.0,48565.0,52964.0,56345.0,55646.0,54668.0,64233.0,60404.5,56576.0
"Lawton, OK Metro Area",30020,43817.0,44585.0,44874.0,41813.0,47584.0,47617.0,50980.0,50702.0,52034.0,51332.0,50377.0,49422.0
"Lebanon, NH-VT Micro Area",30100,50134.0,50871.0,51723.0,,,,,,,61321.0,66954.5,72588.0
"Lebanon, PA Metro Area",30140,51436.0,55019.0,51557.0,55973.0,54068.0,52571.0,57248.0,57372.0,61362.0,61204.0,66968.0,72732.0
"Lewiston, ID-WA Metro Area",30300,39959.0,42432.0,44568.0,45417.0,44937.0,52735.0,47869.0,55116.0,51330.0,61191.0,59400.5,57610.0
"Lewiston-Auburn, ME Metro Area",30340,41190.0,44689.0,44297.0,44127.0,48007.0,50338.0,49081.0,48286.0,49697.0,63813.0,63385.5,62958.0
"Lexington-Fayette, KY Metro Area",30460,46257.0,47120.0,47952.0,50279.0,50270.0,53117.0,53769.0,58069.0,56784.0,60492.0,61552.0,62612.0
"Lexington Park, MD Micro Area",30500,88444.0,81657.0,86358.0,,,,,,,,,
"Lima, OH Metro Area",30620,41057.0,41307.0,41729.0,43030.0,42701.0,50332.0,47592.0,51542.0,49063.0,60429.0,55963.0,51497.0
"Lincoln, NE Metro Area",30700,50091.0,49315.0,50668.0,52300.0,52046.0,54002.0,59344.0,60057.0,58506.0,61539.0,63384.0,65229.0
"Lincolnton, NC Micro Area",30740,42456.0,52147.0,46098.0,,,,,,,,,
"Little Rock-North Little Rock-Conway, AR Metro Area",30780,45991.0,46620.0,47845.0,48304.0,48330.0,49066.0,51501.0,53173.0,52102.0,56849.0,57603.0,58357.0
"Logan, UT-ID Metro Area",30860,46215.0,46356.0,45813.0,47377.0,51497.0,51555.0,57414.0,52974.0,59414.0,61467.0,64244.5,67022.0
,30940,,,,32644.0,30360.0,35693.0,32935.0,33772.0,38753.0,37029.0,38990.0,40951.0
"Longview, TX Metro Area",30980,41842.0,42916.0,42522.0,45175.0,49500.0,47532.0,45773.0,48259.0,51296.0,55970.0,56373.5,56777.0
"Longview, WA Metro Area",31020,41054.0,42031.0,47692.0,48417.0,42223.0,49949.0,50637.0,49456.0,59225.0,55497.0,63345.5,71194.0
,31080,,,,58869.0,60514.0,62544.0,65950.0,69992.0,72563.0,77774.0,80138.5,82503.0
"Los Angeles-Long Beach-Santa Ana, CA Metro Area",31100,56691.0,56653.0,57271.0,,,,,,,,,
"Louisville/Jefferson County, KY-IN Metro Area",31140,44678.0,47580.0,48895.0,50905.0,50932.0,52898.0,54546.0,57279.0,57405.0,61172.0,62600.5,64029.0
"Lubbock, TX Metro Area",31180,42126.0,43324.0,41667.0,47172.0,45825.0,47291.0,48671.0,47276.0,49974.0,54598.0,56116.0,57634.0
"Lufkin, TX Micro Area",31260,37775.0,39007.0,39489.0,42750.0,42156.0,49768.0,41161.0,45326.0,47519.0,53320.0,51682.5,50045.0
"Lumberton, NC Micro Area",31300,29453.0,30806.0,28293.0,29542.0,29889.0,31558.0,34254.0,32729.0,35037.0,35035.0,36021.5,37008.0
"Lynchburg, VA Metro Area",31340,41248.0,46734.0,43082.0,47821.0,47567.0,48090.0,48530.0,52976.0,51143.0,57736.0,58176.5,58617.0
"Macon, GA Metro Area",31420,37507.0,36888.0,39525.0,39484.0,38146.0,40067.0,39973.0,41303.0,42615.0,48435.0,50916.0,53397.0
"Madera-Chowchilla, CA Metro Area",31460,48268.0,46570.0,42039.0,39758.0,42433.0,47150.0,51657.0,51283.0,56305.0,64827.0,64140.5,63454.0
"Madison, WI Metro Area",31540,57594.0,59674.0,58894.0,59466.0,60903.0,64174.0,68497.0,71301.0,70463.0,75545.0,76138.0,76731.0
"Manchester-Nashua, NH Metro Area",31700,68312.0,66609.0,69089.0,67574.0,71422.0,74323.0,76254.0,78769.0,78978.0,83626.0,87626.5,91627.0
"Manhattan, KS Metro Area",31740,46150.0,42688.0,46083.0,46375.0,50323.0,50354.0,52720.0,50698.0,49200.0,59010.0,58422.5,57835.0
"Manitowoc, WI Micro Area",31820,47298.0,48272.0,46045.0,47181.0,45136.0,50302.0,51752.0,54785.0,54393.0,60785.0,59351.5,57918.0
"Mankato-North Mankato, MN Metro Area",31860,51127.0,50720.0,52542.0,53047.0,54055.0,52497.0,57833.0,61241.0,60255.0,63126.0,66628.0,70130.0
"Mansfield, OH Metro Area",31900,41572.0,40117.0,41680.0,39455.0,41548.0,45155.0,44073.0,46032.0,49564.0,51783.0,51470.5,51158.0
"Marinette, WI-MI Micro Area",31940,38506.0,38279.0,39605.0,39669.0,42533.0,45581.0,41145.0,47542.0,48215.0,51101.0,54688.5,58276.0
"Marion, IN Micro Area",31980,34716.0,38187.0,38877.0,38665.0,39851.0,38645.0,37117.0,44768.0,44839.0,47206.0,48303.5,49401.0
"Marion, OH Micro Area",32020,38824.0,41133.0,43004.0,41849.0,39233.0,40607.0,42826.0,44766.0,43008.0,50608.0,49763.5,48919.0
"Marion-Herrin, IL Micro Area",32060,43709.0,40439.0,40658.0,,,,,,,,,
"Marquette, MI Micro Area",32100,44684.0,41130.0,45149.0,45011.0,44267.0,48259.0,51275.0,49008.0,54779.0,55148.0,55224.5,55301.0
"Marshall, TX Micro Area",32220,47801.0,44334.0,43131.0,39701.0,49490.0,42958.0,46548.0,53394.0,50561.0,,,
"Marshfield-Wisconsin Rapids, WI Micro Area",32270,43319.0,45891.0,44568.0,,,,,,,,,
"Martinsville, VA Micro Area",32300,31492.0,30859.0,32196.0,35907.0,31423.0,35290.0,35018.0,41050.0,30040.0,38105.0,,
"Mayag?ez, PR Metro Area",32420,15864.0,15447.0,16899.0,16095.0,14637.0,14176.0,15500.0,15575.0,12913.0,15746.0,16182.0,16618.0
"McAllen-Edinburg-Mission, TX Metro Area",32580,33732.0,31077.0,33761.0,35098.0,34801.0,35730.0,36176.0,37106.0,39165.0,41800.0,43309.0,44818.0
"Meadville, PA Micro Area",32740,38321.0,41199.0,42287.0,44575.0,44598.0,46574.0,45410.0,50657.0,51502.0,49428.0,52510.5,55593.0
"Medford, OR Metro Area",32780,40177.0,39138.0,44810.0,43363.0,44918.0,43948.0,48563.0,51409.0,56546.0,56450.0,60349.5,64249.0
"Memphis, TN-MS-AR Metro Area",32820,45377.0,45393.0,45687.0,46962.0,45844.0,48524.0,49809.0,50984.0,50338.0,54859.0,55349.5,55840.0
"Merced, CA Metro Area",32900,42449.0,40055.0,43597.0,40687.0,44084.0,41997.0,47739.0,47735.0,57745.0,61167.0,57579.5,53992.0
"Meridian, MS Micro Area",32940,29244.0,35704.0,34279.0,31713.0,35736.0,37129.0,40105.0,41594.0,37816.0,36225.0,38843.0,41461.0
"Miami-Fort Lauderdale-Pompano Beach, FL Metro Area",33100,45352.0,45407.0,46648.0,46946.0,48458.0,50441.0,51362.0,54284.0,56328.0,60141.0,61977.5,63814.0
"Michigan City-La Porte, IN Metro Area",33140,43765.0,48389.0,46048.0,46506.0,45744.0,45838.0,53507.0,50736.0,51584.0,56019.0,59866.5,63714.0
"Midland, MI Micro Area",33220,48706.0,52591.0,52356.0,49913.0,49194.0,59292.0,57269.0,61624.0,56091.0,69872.0,68789.5,67707.0
"Midland, TX Metro Area",33260,53170.0,54330.0,61331.0,71442.0,77574.0,80761.0,65224.0,75266.0,80747.0,82650.0,81564.0,80478.0
"Milwaukee-Waukesha-West Allis, WI Metro Area",33340,49774.0,50664.0,52605.0,51957.0,53164.0,56247.0,58029.0,59448.0,60643.0,65845.0,67147.0,68449.0
"Minneapolis-St. Paul-Bloomington, MN-WI Metro Area",33460,62352.0,63352.0,66282.0,67194.0,69111.0,71008.0,73231.0,76856.0,79578.0,83698.0,85565.5,87433.0
"Minot, ND Micro Area",33500,46768.0,54868.0,57777.0,58136.0,65562.0,63889.0,62763.0,63310.0,65085.0,71343.0,70970.5,70598.0
"Missoula, MT Metro Area",33540,45596.0,41931.0,45595.0,48077.0,44289.0,42815.0,46550.0,54311.0,56598.0,57347.0,62075.0,66803.0
"Mobile, AL Metro Area",33660,39998.0,42372.0,39691.0,42944.0,43642.0,42699.0,45744.0,46023.0,43061.0,49561.0,49626.0,49691.0
"Modesto, CA Metro Area",33700,48044.0,44076.0,46405.0,47962.0,51084.0,52363.0,54305.0,59514.0,60321.0,63037.0,68509.5,73982.0
"Monroe, LA Metro Area",33740,37819.0,34036.0,34809.0,37536.0,41175.0,36346.0,38004.0,39610.0,44353.0,40136.0,42568.5,45001.0
"Monroe, MI Metro Area",33780,50034.0,53744.0,50675.0,53561.0,57275.0,54396.0,60799.0,59290.0,61916.0,62839.0,64175.5,65512.0
"Montgomery, AL Metro Area",33860,45513.0,45707.0,44674.0,45859.0,47159.0,45636.0,47265.0,49123.0,51943.0,53834.0,53255.5,52677.0
"Morehead City, NC Micro Area",33980,40614.0,44429.0,49853.0,45231.0,48881.0,51048.0,51206.0,52807.0,54833.0,60186.0,61546.5,62907.0
"Morgantown, WV Metro Area",34060,43470.0,43722.0,40177.0,47051.0,41924.0,45941.0,50120.0,49475.0,50574.0,56395.0,57334.5,58274.0
"Morristown, TN Metro Area",34100,37065.0,35027.0,38137.0,40957.0,38542.0,40041.0,44348.0,44840.0,47439.0,47326.0,45269.5,43213.0
"Moses Lake, WA Micro Area",34180,42337.0,43076.0,46295.0,46728.0,51949.0,51667.0,48335.0,58644.0,53057.0,56997.0,59612.0,62227.0
"Mount Airy, NC Micro Area",34340,35928.0,32310.0,36131.0,35579.0,36511.0,37337.0,36802.0,42438.0,48398.0,49250.0,50600.0,51950.0
"Mount Pleasant, MI Micro Area",34380,31014.0,37319.0,35593.0,37488.0,41931.0,40838.0,41868.0,44100.0,46198.0,45201.0,,
"Mount Vernon-Anacortes, WA Metro Area",34580,55458.0,52519.0,53400.0,52448.0,50558.0,57122.0,60983.0,66066.0,73206.0,67175.0,69911.5,72648.0
"Muncie, IN Metro Area",34620,35902.0,36811.0,37032.0,36402.0,39323.0,40606.0,41041.0,41255.0,41662.0,45065.0,47781.0,50497.0
"Muskegon-Norton Shores, MI Metro Area",34740,38621.0,37626.0,40535.0,41630.0,42600.0,47453.0,44264.0,49229.0,50080.0,50366.0,52914.0,55462.0
"Muskogee, OK Micro Area",34780,39910.0,34440.0,37233.0,39130.0,42756.0,41016.0,40860.0,36342.0,45290.0,42450.0,42943.5,43437.0
"Myrtle Beach-North Myrtle Beach-Conway, SC Metro Area",34820,41568.0,38775.0,40353.0,43540.0,43993.0,47379.0,46787.0,48727.0,51580.0,56977.0,58025.0,59073.0
,34860,,39110.0,32555.0,35587.0,39326.0,39865.0,35562.0,47589.0,46459.0,47572.0,,
"Napa, CA Metro Area",34900,64401.0,61460.0,68553.0,70914.0,74123.0,75513.0,75077.0,86562.0,87025.0,92769.0,94991.0,97213.0
"Naples-Marco Island, FL Metro Area",34940,52730.0,50564.0,54126.0,54406.0,58026.0,62126.0,61228.0,66048.0,69867.0,76025.0,75120.0,74215.0
"Nashville-Davidson--Murfreesboro--Franklin, TN Metro Area",34980,47975.0,49992.0,51500.0,51996.0,52640.0,57985.0,60030.0,63939.0,65919.0,70262.0,71493.5,72725.0
"New Bern, NC Micro Area",35100,41059.0,49224.0,45421.0,44560.0,42819.0,45971.0,47710.0,50977.0,48557.0,52355.0,53872.5,55390.0
"New Castle, PA Micro Area",35260,38192.0,41606.0,43558.0,43425.0,45356.0,42921.0,46918.0,49967.0,47853.0,50547.0,55041.5,59536.0
"New Haven-Milford, CT Metro Area",35300,57056.0,59245.0,59271.0,58571.0,60391.0,61760.0,66176.0,66863.0,67845.0,69751.0,72523.0,75295.0
"New Iberia, LA Micro Area",35340,41709.0,42488.0,43869.0,,,,,,,,,
"New Orleans-Metairie-Kenner, LA Metro Area",35380,46134.0,44004.0,44379.0,45981.0,46784.0,48343.0,48804.0,50528.0,50301.0,55710.0,56273.5,56837.0
"New Philadelphia-Dover, OH Micro Area",35420,38882.0,42082.0,43702.0,44130.0,46253.0,47331.0,50440.0,51386.0,49658.0,53616.0,55838.0,58060.0
"New York-Northern New Jersey-Long Island, NY-NJ-PA Metro Area",35620,61927.0,62322.0,63982.0,65786.0,67066.0,68743.0,71897.0,75368.0,78478.0,83160.0,83784.5,84409.0
"Niles-Benton Harbor, MI Metro Area",35660,40329.0,40831.0,43526.0,44747.0,44031.0,46649.0,47083.0,48629.0,51262.0,50153.0,53844.0,57535.0
"North Port-Bradenton-Sarasota, FL Metro Area",35840,45283.0,45559.0,47813.0,48283.0,52077.0,53698.0,53625.0,56817.0,60921.0,65526.0,67810.5,70095.0
"North Wilkesboro, NC Micro Area",35900,31869.0,30181.0,33022.0,31135.0,30743.0,40919.0,41332.0,40995.0,43466.0,43290.0,43611.5,43933.0
"Norwich-New London, CT Metro Area",35980,62349.0,64788.0,66603.0,62883.0,66148.0,65764.0,70699.0,71987.0,67197.0,75633.0,77230.5,78828.0
"Oak Harbor, WA Micro Area",36020,54839.0,59467.0,57381.0,51893.0,59934.0,60532.0,64813.0,59644.0,64793.0,72066.0,74285.5,76505.0
"Ocala, FL Metro Area",36100,37044.0,36255.0,37098.0,38695.0,39958.0,40050.0,39383.0,43910.0,44576.0,49576.0,52368.5,55161.0
"Ocean City, NJ Metro Area",36140,53392.0,53256.0,57001.0,60560.0,56899.0,57116.0,62548.0,66953.0,67007.0,69980.0,74318.5,78657.0
"Odessa, TX Metro Area",36220,42282.0,49967.0,51946.0,55710.0,58701.0,65454.0,53254.0,55380.0,64165.0,67205.0,62339.0,57473.0
"Ogden-Clearfield, UT Metro Area",36260,59171.0,60922.0,61834.0,62785.0,64301.0,65538.0,70227.0,71629.0,76653.0,79251.0,80307.5,81364.0
"Ogdensburg-Massena, NY Micro Area",36300,40163.0,43578.0,42010.0,45157.0,43758.0,42144.0,51592.0,50325.0,49681.0,52108.0,53941.5,55775.0
"Oklahoma City, OK Metro Area",36420,46238.0,47023.0,48557.0,50136.0,52416.0,52221.0,55065.0,56260.0,57485.0,60605.0,61210.0,61815.0
"Olean, NY Micro Area",36460,41578.0,38932.0,43468.0,40362.0,44320.0,40016.0,46842.0,48484.0,48179.0,50912.0,53032.5,55153.0
"Olympia, WA Metro Area",36500,61011.0,60061.0,58239.0,59785.0,61609.0,62137.0,65783.0,71765.0,72703.0,78512.0,80085.5,81659.0
"Omaha-Council Bluffs, NE-IA Metro Area",36540,54060.0,55089.0,54158.0,55382.0,57527.0,61024.0,62247.0,65619.0,66241.0,70373.0,72046.5,73720.0
"Opelousas-Eunice, LA Micro Area",36660,33388.0,34337.0,35765.0,31955.0,27753.0,30286.0,31207.0,34462.0,32867.0,38681.0,38640.0,38599.0
"Orangeburg, SC Micro Area",36700,31979.0,31031.0,34185.0,31230.0,28680.0,38596.0,32450.0,35947.0,36536.0,37701.0,36193.0,34685.0
"Orlando-Kissimmee-Sanford, FL Metro Area",36740,46478.0,46123.0,46020.0,46962.0,48270.0,51077.0,52385.0,55089.0,58610.0,61876.0,63406.0,64936.0
"Oshkosh-Neenah, WI Metro Area",36780,48177.0,47763.0,51458.0,49776.0,52387.0,52136.0,56754.0,56678.0,56589.0,58347.0,61221.0,64095.0
,36837,,,,,,,,,,58980.0,61068.5,63157.0
"Ottawa-Streator, IL Micro Area",36860,47898.0,48116.0,48860.0,48290.0,51204.0,51496.0,56879.0,56804.0,52572.0,,,
"Owensboro, KY Metro Area",36980,41021.0,45529.0,44032.0,46268.0,41827.0,47751.0,52328.0,48550.0,51459.0,52201.0,56195.0,60189.0
"Owosso, MI Micro Area",37020,46528.0,47775.0,41221.0,41892.0,48523.0,51839.0,53244.0,53361.0,54456.0,,,
"Oxnard-Thousand Oaks-Ventura, CA Metro Area",37100,71864.0,74623.0,71517.0,77363.0,75449.0,80032.0,80135.0,82857.0,84566.0,92236.0,94345.0,96454.0
"Paducah, KY-IL Micro Area",37140,41137.0,42306.0,41811.0,41137.0,38484.0,48358.0,40126.0,47598.0,47346.0,48856.0,55363.0,61870.0
"Palatka, FL Micro Area",37260,33842.0,30440.0,34025.0,32295.0,30765.0,31483.0,38239.0,33790.0,41608.0,42899.0,38134.5,33370.0
"Palm Bay-Melbourne-Titusville, FL Metro Area",37340,46262.0,46429.0,46162.0,46472.0,47907.0,50416.0,51184.0,52540.0,57888.0,57305.0,61319.0,65333.0
"Palm Coast, FL Metro Area",37380,43993.0,46232.0,42856.0,,,,,,,,,
"Panama City-Lynn Haven-Panama City Beach, FL Metro Area",37460,44881.0,44310.0,46005.0,45620.0,44638.0,48066.0,47548.0,51594.0,51842.0,59450.0,60003.5,60557.0
"Parkersburg-Marietta-Vienna, WV-OH Metro Area",37620,40352.0,39314.0,42398.0,40945.0,41793.0,40547.0,46594.0,43648.0,44054.0,48680.0,51482.0,54284.0
"Pascagoula, MS Metro Area",37700,44878.0,46864.0,46130.0,,,,,,,,,
"Pendleton-Hermiston, OR Micro Area",37820,43784.0,42775.0,49483.0,,,,,,,,,
"Pensacola-Ferry Pass-Brent, FL Metro Area",37860,43974.0,45900.0,49917.0,47336.0,50003.0,50560.0,50496.0,53378.0,57998.0,56507.0,60692.0,64877.0
"Peoria, IL Metro Area",37900,50983.0,50009.0,53469.0,52614.0,56186.0,56350.0,57090.0,57453.0,58603.0,60372.0,60066.0,59760.0
"Philadelphia-Camden-Wilmington, PA-NJ-DE-MD Metro Area",37980,58095.0,58322.0,60105.0,60482.0,62171.0,65123.0,65996.0,68572.0,70747.0,74533.0,77270.0,80007.0
"Phoenix-Mesa-Glendale, AZ Metro Area",38060,50385.0,50058.0,51359.0,51847.0,53365.0,55547.0,58075.0,61506.0,64427.0,67896.0,71813.5,75731.0
"Pine Bluff, AR Metro Area",38220,33446.0,39004.0,36127.0,34665.0,33838.0,36538.0,37076.0,39914.0,37314.0,41541.0,44183.5,46826.0
,38240,,,,49959.0,51328.0,51547.0,52279.0,64184.0,58531.0,62469.0,64814.5,67160.0
"Pittsburgh, PA Metro Area",38300,46700.0,48854.0,50489.0,51291.0,52293.0,54080.0,56063.0,58521.0,59710.0,62638.0,64623.5,66609.0
"Pittsfield, MA Metro Area",38340,44190.0,42969.0,46509.0,52514.0,50211.0,50765.0,58418.0,57054.0,60476.0,58895.0,59822.0,60749.0
"Plattsburgh, NY Micro Area",38460,43600.0,50872.0,52161.0,43892.0,53575.0,45377.0,55316.0,58234.0,56704.0,60198.0,60241.5,60285.0
"Pocatello, ID Metro Area",38540,39175.0,40931.0,42409.0,42174.0,44018.0,41530.0,48429.0,51612.0,50748.0,51612.0,56043.5,60475.0
"Ponce, PR Metro Area",38660,16745.0,16003.0,16922.0,15550.0,16698.0,15728.0,17533.0,16109.0,17607.0,16061.0,17533.5,19006.0
"Port Angeles, WA Micro Area",38820,38841.0,50161.0,42485.0,46566.0,46469.0,44929.0,48587.0,47907.0,59001.0,57126.0,59910.5,62695.0
"Portland-South Portland-Biddeford, ME Metro Area",38860,56530.0,55861.0,53701.0,54766.0,59573.0,62074.0,63422.0,68570.0,69980.0,71913.0,75235.5,78558.0
"Portland-Vancouver-Hillsboro, OR-WA Metro Area",38900,53078.0,54921.0,56978.0,59168.0,60248.0,63850.0,68676.0,71931.0,75599.0,78439.0,81191.0,83943.0
"Port St. Lucie, FL Metro Area",38940,41346.0,44534.0,42316.0,45322.0,47483.0,48002.0,48746.0,51392.0,55714.0,62608.0,63189.5,63771.0
"Portsmouth, OH Micro Area",39020,36859.0,29657.0,36874.0,37351.0,38233.0,35833.0,39210.0,43367.0,37257.0,45571.0,43046.5,40522.0
"Pottsville, PA Micro Area",39060,40265.0,47437.0,45056.0,41114.0,43044.0,45810.0,50684.0,49559.0,48458.0,56295.0,57454.5,58614.0
"Poughkeepsie-Newburgh-Middletown, NY Metro Area",39100,67269.0,66734.0,66612.0,,,,,,,85152.0,87092.5,89033.0
"Prescott, AZ Metro Area",39140,40274.0,41719.0,44035.0,39895.0,44255.0,48105.0,50420.0,50041.0,48148.0,,,
,39150,,,,,,,,,,53816.0,55523.0,57230.0
"Providence-New Bedford-Fall River, RI-MA Metro Area",39300,51935.0,53553.0,54243.0,55055.0,55836.0,58965.0,61948.0,65226.0,65083.0,70967.0,72377.5,73788.0
"Provo-Orem, UT Metro Area",39340,54201.0,58398.0,58218.0,60051.0,60890.0,65092.0,69288.0,70196.0,75344.0,79152.0,82890.5,86629.0
"Pueblo, CO Metro Area",39380,38326.0,40965.0,41262.0,41218.0,41047.0,40050.0,44677.0,43148.0,48468.0,51276.0,53982.5,56689.0
"Punta Gorda, FL Metro Area",39460,42031.0,41190.0,45247.0,43698.0,43039.0,45492.0,44200.0,52070.0,52927.0,54652.0,56968.5,59285.0
"Quincy, IL-MO Micro Area",39500,39564.0,42254.0,46077.0,41349.0,45337.0,46854.0,50753.0,48710.0,54948.0,53334.0,55177.0,57020.0
"Racine, WI Metro Area",39540,51377.0,52582.0,51904.0,54209.0,54525.0,57232.0,55706.0,60897.0,59759.0,60779.0,64768.5,68758.0
"Raleigh-Cary, NC Metro Area",39580,57840.0,59197.0,60319.0,61710.0,62313.0,65778.0,71685.0,72576.0,75165.0,80096.0,82699.5,85303.0
"Rapid City, SD Metro Area",39660,47074.0,50364.0,50383.0,48641.0,49808.0,52809.0,51097.0,56318.0,59833.0,58361.0,60851.5,63342.0
"Reading, PA Metro Area",39740,51759.0,52307.0,52022.0,56043.0,56059.0,56122.0,59286.0,61058.0,62564.0,67708.0,68183.0,68658.0
,39780,,,,,,,,,,53475.0,51142.5,48810.0
"Redding, CA Metro Area",39820,41023.0,42062.0,45442.0,40332.0,43706.0,46693.0,46724.0,52439.0,56280.0,63091.0,62108.0,61125.0
"Reno-Sparks, NV Metro Area",39900,50699.0,50768.0,49108.0,53948.0,52728.0,56611.0,58056.0,61360.0,63466.0,72132.0,74157.0,76182.0
,39940,,,,,,,,,,,,59729.0
"Richmond, IN Micro Area",39980,36079.0,36358.0,33385.0,34745.0,41204.0,42160.0,43401.0,45017.0,44928.0,47944.0,49041.0,50138.0
"Richmond, VA Metro Area",40060,55325.0,54798.0,56769.0,57286.0,60936.0,60713.0,62929.0,67633.0,67703.0,68324.0,71237.5,74151.0
"Richmond-Berea, KY Micro Area",40080,40866.0,37130.0,35206.0,42366.0,42027.0,41899.0,43687.0,49610.0,50333.0,47540.0,49388.5,51237.0
,40100,,,,,,,,,,,,33367.0
"Riverside-San Bernardino-Ontario, CA Metro Area",40140,53548.0,52042.0,51695.0,53220.0,54586.0,56087.0,58236.0,61994.0,65671.0,70954.0,73986.0,77018.0
"Roanoke, VA Metro Area",40220,45569.0,50246.0,46974.0,47890.0,51318.0,50571.0,50551.0,54233.0,55151.0,60471.0,60050.5,59630.0
"Roanoke Rapids, NC Micro Area",40260,30888.0,30728.0,29930.0,31053.0,30834.0,31115.0,33866.0,33645.0,37027.0,41044.0,38331.0,35618.0
"Rochester, MN Metro Area",40340,59702.0,65564.0,63733.0,62645.0,66214.0,65627.0,70078.0,71985.0,72129.0,75926.0,78180.0,80434.0
"Rochester, NY Metro Area",40380,50211.0,50579.0,50701.0,51857.0,51086.0,53667.0,55134.0,56969.0,60190.0,62104.0,64310.0,66516.0
"Rockford, IL Metro Area",40420,45457.0,45191.0,50647.0,48027.0,48385.0,51036.0,50324.0,55484.0,55829.0,61078.0,58912.0,56746.0
"Rocky Mount, NC Metro Area",40580,38077.0,39765.0,37319.0,36949.0,40407.0,37324.0,38972.0,42784.0,46733.0,46466.0,49117.5,51769.0
"Rome, GA Metro Area",40660,36934.0,40963.0,37841.0,37296.0,41752.0,40510.0,49865.0,45854.0,38462.0,50880.0,55852.5,60825.0
"Roseburg, OR Micro Area",40700,36510.0,38502.0,39757.0,40605.0,42000.0,41428.0,42889.0,47746.0,47004.0,48585.0,49875.5,51166.0
"Roswell, NM Micro Area",40740,34325.0,36282.0,42382.0,45753.0,39696.0,38044.0,40960.0,44899.0,43941.0,42003.0,,
"Russellville, AR Micro Area",40780,38388.0,35879.0,41724.0,37037.0,38363.0,36768.0,39926.0,44839.0,43886.0,44382.0,44396.0,44410.0
"Sacramento--Arden-Arcade--Roseville, CA Metro Area",40900,56233.0,55151.0,56813.0,57027.0,60015.0,62813.0,64052.0,67902.0,73142.0,76706.0,80563.5,84421.0
"Saginaw-Saginaw Township North, MI Metro Area",40980,41938.0,40434.0,40318.0,41548.0,44931.0,43383.0,45849.0,45331.0,48990.0,48303.0,49454.5,50606.0
"St. Cloud, MN Metro Area",41060,50085.0,51848.0,54573.0,55513.0,55390.0,54157.0,56620.0,61943.0,60759.0,66076.0,65858.5,65641.0
"St. George, UT Metro Area",41100,49058.0,45854.0,43837.0,51063.0,49981.0,54913.0,55056.0,54842.0,56333.0,63595.0,62390.5,61186.0
"St. Joseph, MO-KS Metro Area",41140,43178.0,44416.0,43784.0,45024.0,47402.0,49263.0,49211.0,47309.0,53321.0,50425.0,52563.5,54702.0
"St. Louis, MO-IL Metro Area",41180,50912.0,51164.0,52243.0,54449.0,55535.0,56483.0,59780.0,61571.0,62790.0,66417.0,68303.0,70189.0
,41400,,,,42100.0,42640.0,41887.0,47864.0,41818.0,43745.0,53542.0,51403.5,49265.0
"Salem, OR Metro Area",41420,45584.0,45652.0,45656.0,47232.0,49508.0,52448.0,55903.0,56163.0,57091.0,65689.0,65677.0,65665.0
"Salinas, CA Metro Area",41500,54534.0,53179.0,58109.0,57052.0,57864.0,60494.0,63876.0,71274.0,70681.0,77514.0,79838.5,82163.0
"Salisbury, MD Metro Area",41540,47128.0,44793.0,49357.0,50009.0,54128.0,54233.0,54738.0,59273.0,59214.0,61283.0,64876.5,68470.0
"Salisbury, NC Micro Area",41580,37360.0,40008.0,40089.0,,,,,,,,,
"Salt Lake City, UT Metro Area",41620,57419.0,57005.0,60061.0,61520.0,62642.0,65792.0,68196.0,71510.0,73730.0,80196.0,80751.5,81307.0
"San Angelo, TX Metro Area",41660,38234.0,43165.0,44910.0,46010.0,45284.0,48441.0,49096.0,50894.0,51851.0,55097.0,58199.5,61302.0
"San Antonio-New Braunfels, TX Metro Area",41700,50225.0,48699.0,51486.0,51716.0,52689.0,55083.0,56105.0,56774.0,57379.0,62355.0,64565.0,66775.0
"San Diego-Carlsbad-San Marcos, CA Metro Area",41740,59923.0,59477.0,60330.0,61426.0,66192.0,67320.0,70824.0,76207.0,79079.0,83985.0,87494.0,91003.0
"Sandusky, OH Metro Area",41780,42246.0,46949.0,44694.0,46073.0,48734.0,47544.0,48949.0,54958.0,49751.0,60653.0,59528.0,58403.0
"San Francisco-Oakland-Fremont, CA Metro Area",41860,73027.0,71975.0,74922.0,79624.0,83222.0,88518.0,96677.0,101714.0,107898.0,114696.0,115350.5,116005.0
"San Germ?n-Cabo Rojo, PR Metro Area",41900,14383.0,15743.0,15350.0,17645.0,13566.0,14403.0,16077.0,14719.0,16737.0,16491.0,17472.5,18454.0
"San Jose-Sunnyvale-Santa Clara, CA Metro Area",41940,83944.0,84012.0,90737.0,91533.0,96481.0,101980.0,110040.0,117474.0,124696.0,130865.0,135378.5,139892.0
"San Juan-Caguas-Guaynabo, PR Metro Area",41980,20897.0,20776.0,21299.0,21574.0,21295.0,21059.0,22455.0,21560.0,22757.0,23137.0,24089.5,25042.0
"San Luis Obispo-Paso Robles, CA Metro Area",42020,53978.0,54195.0,60264.0,58158.0,63474.0,62648.0,70564.0,71880.0,71148.0,77265.0,78940.0,80615.0
"Santa Barbara-Santa Maria-Goleta, CA Metro Area",42060,56767.0,60505.0,61890.0,,,,,,,,,
"Santa Cruz-Watsonville, CA Metro Area",42100,61071.0,62513.0,67769.0,68438.0,65368.0,65139.0,77613.0,79705.0,86941.0,89269.0,91601.0,93933.0
"Santa Fe, NM Metro Area",42140,47080.0,49959.0,50720.0,51833.0,52809.0,55676.0,57863.0,58821.0,60193.0,61298.0,64319.5,67341.0
,42200,,,,62421.0,63833.0,63625.0,67436.0,71106.0,77472.0,75653.0,80249.5,84846.0
"Santa Rosa-Petaluma, CA Metro Area",42220,59055.0,61020.0,59941.0,61029.0,67771.0,66674.0,73929.0,80409.0,81395.0,87828.0,91061.5,94295.0
"Savannah, GA Metro Area",42340,46755.0,46785.0,47059.0,48958.0,51809.0,51390.0,56535.0,56610.0,58178.0,60371.0,63308.0,66245.0
"Scranton--Wilkes-Barre, PA Metro Area",42540,42368.0,43901.0,42883.0,45333.0,45257.0,49670.0,47422.0,50891.0,54115.0,54304.0,57739.0,61174.0
"Seaford, DE Micro Area",42580,49006.0,53644.0,49471.0,,,,,,,,,
"Searcy, AR Micro Area",42620,38326.0,44626.0,38853.0,43643.0,39340.0,38986.0,42844.0,42443.0,42270.0,43399.0,47400.5,51402.0
"Seattle-Tacoma-Bellevue, WA Metro Area",42660,63088.0,64085.0,65677.0,67479.0,71273.0,75331.0,78612.0,82133.0,87910.0,94027.0,97874.0,101721.0
"Sebastian-Vero Beach, FL Metro Area",42680,47335.0,39767.0,40413.0,42401.0,46238.0,49379.0,49072.0,49177.0,57508.0,59782.0,59377.0,58972.0
"Sebring, FL Micro Area",42700,34561.0,33652.0,34733.0,33811.0,36120.0,34242.0,36490.0,35543.0,39796.0,48698.0,48631.0,48564.0
"Seneca, SC Micro Area",42860,42848.0,41153.0,37383.0,40565.0,35159.0,43266.0,43743.0,50192.0,47132.0,48204.0,49298.5,50393.0
"Sevierville, TN Micro Area",42940,40402.0,42066.0,43292.0,40715.0,39175.0,42107.0,45609.0,49963.0,47411.0,57741.0,53990.0,50239.0
"Shawnee, OK Micro Area",43060,36795.0,42272.0,42440.0,45012.0,46839.0,43317.0,41716.0,48744.0,48776.0,53511.0,52481.0,51451.0
"Sheboygan, WI Metro Area",43100,49440.0,50935.0,51899.0,50678.0,54042.0,57047.0,54059.0,58361.0,60896.0,60706.0,61447.0,62188.0
"Shelby, NC Micro Area",43140,38282.0,35753.0,35547.0,40581.0,37433.0,38885.0,36992.0,37205.0,40690.0,44987.0,46068.5,47150.0
,43220,,,,,,,,,58094.0,63983.0,70526.5,77070.0
"Sherman-Denison, TX Metro Area",43300,45577.0,44574.0,47475.0,44378.0,52058.0,48126.0,52095.0,56718.0,51158.0,57476.0,60197.5,62919.0
"Show Low, AZ Micro Area",43320,40623.0,30937.0,34298.0,38400.0,34600.0,37833.0,36998.0,41295.0,40463.0,38897.0,44173.0,49449.0
"Shreveport-Bossier City, LA Metro Area",43340,40762.0,43634.0,44118.0,41583.0,42157.0,43292.0,40445.0,38627.0,41969.0,47447.0,47805.5,48164.0
"Sierra Vista-Douglas, AZ Micro Area",43420,45213.0,40903.0,43252.0,46647.0,45688.0,43291.0,45508.0,51816.0,50495.0,48484.0,52542.0,56600.0
"Sioux City, IA-NE-SD Metro Area",43580,44038.0,46431.0,44879.0,47270.0,49981.0,52698.0,56687.0,57207.0,61576.0,60132.0,62182.0,64232.0
"Sioux Falls, SD Metro Area",43620,52050.0,55609.0,51745.0,55952.0,58849.0,59844.0,63931.0,64882.0,61196.0,65566.0,70756.0,75946.0
,43700,,,,,,,,,,,,44561.0
"Somerset, PA Micro Area",43740,39978.0,38658.0,46263.0,43429.0,46217.0,43660.0,43871.0,48846.0,50988.0,48895.0,51623.5,54352.0
"South Bend-Mishawaka, IN-MI Metro Area",43780,41991.0,43880.0,44769.0,40784.0,46610.0,47207.0,49117.0,51880.0,54715.0,53471.0,56443.5,59416.0
"Southern Pines-Pinehurst, NC Micro Area",43860,47692.0,45158.0,49763.0,,,,,,,,,
"Spartanburg, SC Metro Area",43900,41850.0,40167.0,40879.0,41062.0,43161.0,44028.0,46554.0,50074.0,51853.0,55339.0,57905.5,60472.0
"Spokane, WA Metro Area",44060,47039.0,49078.0,47624.0,47485.0,49320.0,47548.0,52955.0,53321.0,58546.0,59646.0,62464.5,65283.0
"Springfield, IL Metro Area",44100,50423.0,51280.0,55621.0,55366.0,55021.0,57824.0,53798.0,61573.0,63521.0,62205.0,65500.5,68796.0
"Springfield, MA Metro Area",44140,49209.0,50229.0,51531.0,52397.0,50916.0,53393.0,54855.0,55379.0,57857.0,62346.0,63933.0,65520.0
"Springfield, MO Metro Area",44180,40084.0,41439.0,42263.0,41034.0,41248.0,44786.0,45337.0,48151.0,46905.0,47034.0,51965.0,56896.0
"Springfield, OH Metro Area",44220,39580.0,41292.0,39178.0,43742.0,41729.0,47963.0,46811.0,46665.0,49875.0,50128.0,54779.5,59431.0
"State College, PA Metro Area",44300,44746.0,46988.0,50809.0,53207.0,51367.0,56337.0,60266.0,55895.0,57333.0,60706.0,63747.5,66789.0
"Statesboro, GA Micro Area",44340,29170.0,32251.0,35856.0,36153.0,32841.0,33477.0,43982.0,42138.0,44179.0,50436.0,54046.0,57656.0
"Statesville-Mooresville, NC Micro Area",44380,45714.0,50241.0,49219.0,,,,,,,,,
"Staunton-Waynesboro, VA Micro Area",44420,46292.0,44358.0,45943.0,49767.0,52603.0,49834.0,51147.0,54249.0,52625.0,57844.0,59166.0,60488.0
"Steubenville-Weirton, OH-WV Metro Area",44600,35666.0,41652.0,38775.0,,,,,,,,,
"Stevens Point, WI Micro Area",44620,48620.0,49680.0,45215.0,49872.0,51399.0,57244.0,53655.0,52247.0,57452.0,56358.0,61143.0,65928.0
"Stillwater, OK Micro Area",44660,35488.0,35181.0,35831.0,36087.0,38642.0,39840.0,35927.0,36914.0,48031.0,41272.0,45310.0,49348.0
"Stockton, CA Metro Area",44700,50011.0,50853.0,50722.0,51432.0,51659.0,53705.0,59518.0,61164.0,64119.0,68997.0,74839.0,80681.0
"Sumter, SC Metro Area",44940,36457.0,42009.0,39667.0,39780.0,36633.0,41169.0,40614.0,45585.0,45994.0,49263.0,46236.5,43210.0
"Sunbury, PA Micro Area",44980,35394.0,39822.0,40948.0,41011.0,39778.0,44989.0,47736.0,44895.0,47160.0,47349.0,49050.0,50751.0
"Syracuse, NY Metro Area",45060,49694.0,51391.0,51259.0,51496.0,51915.0,56371.0,56702.0,56780.0,58715.0,61213.0,62754.5,64296.0
"Talladega-Sylacauga, AL Micro Area",45180,34488.0,30367.0,31547.0,37810.0,39107.0,33443.0,38098.0,40621.0,42026.0,50147.0,47605.0,45063.0
"Tallahassee, FL Metro Area",45220,41511.0,43950.0,44715.0,44420.0,44242.0,44295.0,50654.0,50825.0,50682.0,52729.0,55837.0,58945.0
"Tampa-St. Petersburg-Clearwater, FL Metro Area",45300,43547.0,43832.0,44402.0,45880.0,46876.0,48911.0,51115.0,52212.0,54912.0,57906.0,60428.5,62951.0
"Terre Haute, IN Metro Area",45460,41200.0,43378.0,41039.0,40629.0,41953.0,40974.0,46951.0,43843.0,50256.0,50129.0,50284.5,50440.0
"Texarkana, TX-Texarkana, AR Metro Area",45500,40547.0,41740.0,38556.0,40382.0,40773.0,38814.0,42513.0,47722.0,45212.0,51544.0,50807.0,50070.0
"The Villages, FL Micro Area",45540,45026.0,43996.0,45173.0,52891.0,50942.0,51335.0,54562.0,54057.0,53895.0,60287.0,62447.5,64608.0
"Thomasville-Lexington, NC Micro Area",45640,39660.0,40281.0,43711.0,,,,,,,,,
"Toledo, OH Metro Area",45780,41583.0,42067.0,43334.0,42792.0,45603.0,47093.0,48822.0,50389.0,51321.0,53563.0,55877.0,58191.0
"Topeka, KS Metro Area",45820,45360.0,46469.0,48464.0,50369.0,54388.0,51674.0,56548.0,56834.0,54618.0,59567.0,58520.5,57474.0
"Torrington, CT Micro Area",45860,66307.0,69097.0,67658.0,70981.0,73756.0,70667.0,76993.0,78436.0,76043.0,81195.0,83086.5,84978.0
"Traverse City, MI Micro Area",45900,46807.0,45627.0,49431.0,49270.0,54856.0,53226.0,56196.0,57184.0,62207.0,61637.0,64491.5,67346.0
"Trenton-Ewing, NJ Metro Area",45940,70956.0,73890.0,67991.0,70857.0,74961.0,72417.0,77650.0,79173.0,80632.0,79492.0,83577.0,87662.0
"Truckee-Grass Valley, CA Micro Area",46020,54456.0,54080.0,53768.0,54851.0,56917.0,54177.0,59022.0,65385.0,66299.0,68818.0,74168.5,79519.0
"Tucson, AZ Metro Area",46060,44274.0,44112.0,44762.0,43824.0,45856.0,47099.0,47560.0,51425.0,53464.0,56169.0,58418.0,60667.0
"Tullahoma, TN Micro Area",46100,37439.0,34874.0,40550.0,42304.0,44819.0,45964.0,48449.0,48256.0,49370.0,57642.0,56474.0,55306.0
"Tulsa, OK Metro Area",46140,44519.0,46093.0,47969.0,48327.0,50740.0,51352.0,51623.0,52275.0,55633.0,57859.0,58777.5,59696.0
"Tupelo, MS Micro Area",46180,38154.0,39381.0,39144.0,41990.0,41319.0,36999.0,40384.0,51342.0,49206.0,48831.0,52592.5,56354.0
"Tuscaloosa, AL Metro Area",46220,41047.0,40465.0,38749.0,44895.0,44143.0,46470.0,46086.0,51164.0,50939.0,49721.0,51859.5,53998.0
"Twin Falls, ID Micro Area",46300,41505.0,40498.0,41383.0,44424.0,44625.0,45640.0,50924.0,51460.0,52292.0,56667.0,56093.0,55519.0
"Tyler, TX Metro Area",46340,43209.0,43814.0,46286.0,47745.0,43958.0,49060.0,52572.0,54339.0,58226.0,59584.0,61349.5,63115.0
"Ukiah, CA Micro Area",46380,40536.0,42431.0,41369.0,42042.0,42660.0,41896.0,43809.0,53024.0,51830.0,51744.0,55594.0,59444.0
,46520,,,,73388.0,74634.0,77273.0,80513.0,81284.0,84423.0,87470.0,89087.0,90704.0
"Utica-Rome, NY Metro Area",46540,46625.0,45111.0,46633.0,43396.0,47736.0,48935.0,52534.0,52214.0,55286.0,57778.0,59045.5,60313.0
"Valdosta, GA Metro Area",46660,36028.0,32446.0,36456.0,35104.0,36340.0,36740.0,39734.0,40391.0,35186.0,43787.0,43010.0,42233.0
"Vallejo-Fairfield, CA Metro Area",46700,63384.0,63795.0,62066.0,63520.0,67999.0,67443.0,73900.0,77133.0,84395.0,86652.0,87211.0,87770.0
"Victoria, TX Metro Area",47020,45802.0,44794.0,50122.0,52111.0,50107.0,56073.0,55228.0,51923.0,51683.0,56627.0,55480.0,54333.0
"Vineland-Millville-Bridgeton, NJ Metro Area",47220,51619.0,51548.0,47072.0,45978.0,45339.0,51315.0,49110.0,52627.0,52795.0,54587.0,56488.0,58389.0
"Virginia Beach-Norfolk-Newport News, VA-NC Metro Area",47260,57315.0,57356.0,55997.0,56161.0,58871.0,60093.0,61805.0,64255.0,65604.0,69329.0,71007.5,72686.0
"Visalia-Porterville, CA Metro Area",47300,43397.0,41167.0,40302.0,39422.0,42611.0,42413.0,45881.0,46266.0,48817.0,57692.0,57950.5,58209.0
"Waco, TX Metro Area",47380,39143.0,40484.0,40658.0,40170.0,43184.0,46307.0,46590.0,45961.0,47328.0,50368.0,55219.0,60070.0
,47460,,,,43870.0,50737.0,47283.0,54655.0,54157.0,59704.0,61285.0,63278.0,65271.0
"Warner Robins, GA Metro Area",47580,58401.0,51021.0,54457.0,48553.0,46773.0,51954.0,59409.0,54802.0,54024.0,61936.0,66244.0,70552.0
"Warsaw, IN Micro Area",47700,47308.0,50803.0,49301.0,51221.0,53825.0,52888.0,53963.0,63463.0,55253.0,64099.0,64819.5,65540.0
"Washington-Arlington-Alexandria, DC-VA-MD-WV Metro Area",47900,84523.0,86680.0,88233.0,90149.0,91193.0,93294.0,95843.0,99669.0,102180.0,105659.0,108007.0,110355.0
"Waterloo-Cedar Falls, IA Metro Area",47940,45811.0,44416.0,50729.0,49050.0,52991.0,52255.0,53877.0,52318.0,56245.0,63131.0,62482.0,61833.0
"Watertown-Fort Atkinson, WI Micro Area",48020,49611.0,53217.0,53675.0,51235.0,55675.0,62399.0,58703.0,56675.0,65651.0,71708.0,70013.5,68319.0
"Watertown-Fort Drum, NY Micro Area",48060,43557.0,45500.0,46558.0,46683.0,51086.0,51107.0,45624.0,47101.0,53146.0,53917.0,57157.5,60398.0
"Wausau, WI Metro Area",48140,49356.0,51678.0,52419.0,51635.0,53300.0,55687.0,54774.0,58173.0,62890.0,65094.0,68290.0,71486.0
,48260,,,,39277.0,44582.0,43452.0,44733.0,45971.0,43747.0,49510.0,49436.0,49362.0
"Wenatchee-East Wenatchee, WA Metro Area",48300,47839.0,50075.0,47251.0,51177.0,50986.0,56319.0,52231.0,58990.0,61714.0,60532.0,62769.0,65006.0
"Wheeling, WV-OH Metro Area",48540,38415.0,40081.0,41677.0,40289.0,40929.0,47726.0,44131.0,49343.0,49749.0,50440.0,51584.0,52728.0
"Whitewater, WI Micro Area",48580,53388.0,52250.0,48940.0,52057.0,52277.0,58537.0,58302.0,60178.0,63800.0,63549.0,66772.5,69996.0
"Wichita, KS Metro Area",48620,46131.0,49799.0,48509.0,49476.0,52231.0,51591.0,53663.0,54432.0,56909.0,59779.0,60455.0,61131.0
"Wichita Falls, TX Metro Area",48660,39633.0,44118.0,46653.0,44702.0,43804.0,45641.0,44951.0,45267.0,50309.0,52233.0,53670.0,55107.0
"Williamsport, PA Metro Area",48700,41037.0,42391.0,45710.0,47373.0,45161.0,51455.0,49052.0,50909.0,55045.0,53881.0,57187.5,60494.0
"Willimantic, CT Micro Area",48740,60026.0,55744.0,54098.0,,,,,,,,,
"Wilmington, NC Metro Area",48900,44825.0,43260.0,49999.0,47594.0,48469.0,52655.0,50155.0,52416.0,52756.0,57667.0,62303.0,66939.0
"Wilson, NC Micro Area",48980,34883.0,36508.0,37020.0,41095.0,38774.0,41204.0,39036.0,45960.0,42769.0,38830.0,43015.5,47201.0
"Winchester, VA-WV Metro Area",49020,46626.0,50772.0,47850.0,55045.0,52568.0,60752.0,60962.0,65334.0,65170.0,76583.0,74690.5,72798.0
"Winston-Salem, NC Metro Area",49180,42644.0,42381.0,42254.0,42563.0,43665.0,45098.0,47711.0,49162.0,48699.0,52322.0,54857.0,57392.0
,49220,,,,47726.0,50831.0,50796.0,51887.0,52110.0,55273.0,56278.0,54452.5,52627.0
"Wooster, OH Micro Area",49300,46288.0,46827.0,47946.0,49849.0,49988.0,52760.0,53434.0,55899.0,59111.0,57458.0,58562.0,59666.0
"Worcester, MA Metro Area",49340,61212.0,60493.0,62505.0,61789.0,64556.0,65427.0,67763.0,69412.0,70869.0,76348.0,79771.5,83195.0
"Yakima, WA Metro Area",49420,40648.0,42173.0,43942.0,41917.0,44648.0,47223.0,48965.0,47402.0,51555.0,56233.0,58622.5,61012.0
"Yauco, PR Metro Area",49500,13721.0,14469.0,15561.0,,,,,,,15695.0,16711.5,17728.0
"York-Hanover, PA Metro Area",49620,56368.0,55551.0,55648.0,57065.0,58587.0,58409.0,62462.0,63519.0,65239.0,69172.0,71060.5,72949.0
"Youngstown-Warren-Boardman, OH-PA Metro Area",49660,39240.0,40599.0,40686.0,41992.0,42228.0,43127.0,44981.0,45382.0,47476.0,48558.0,49876.0,51194.0
"Yuba City, CA Metro Area",49700,46314.0,46509.0,45646.0,46773.0,48115.0,51185.0,50775.0,58727.0,54745.0,61307.0,62492.5,63678.0
"Yuma, AZ Metro Area",49740,42240.0,38390.0,39485.0,41666.0,40008.0,40539.0,43518.0,46798.0,43403.0,46419.0,51861.5,57304.0
"Zanesville, OH Micro Area",49780,40894.0,38259.0,39266.0,39212.0,41230.0,42815.0,43422.0,43113.0,49602.0,51844.0,51508.5,51173.0
