msa_name,msa_code,2010,2011,2012,2013,2014,2015,2016,2017,2018,2019,2020,2021
"Abilene, TX",10180,69711.0,69887.0,70553.0,69699.0,70507.0,70595.0,71307.0,71427.0,72105.0,72052.0,73403.0,74754.0
"Aguadilla-Isabela, PR",10380,143248.0,132684.0,133567.0,145621.0,146009.0,146720.0,145361.0,145196.0,147422.0,146411.0,145014.0,143617.0
"Akron, OH",10420,312600.0,313023.0,312864.0,312382.0,313241.0,313518.0,313633.0,315099.0,315526.0,316217.0,317000.0,317783.0
"Albany, GA",10500,67169.0,66150.0,65861.0,66184.0,66262.0,66857.0,66843.0,67522.0,66724.0,66066.0,66589.5,67113.0
"Albany-Lebanon, OR",10540,48840.0,49038.0,48926.0,48832.0,49304.0,49174.0,49394.0,50337.0,50891.0,51391.0,52121.0,52851.0
"Albany-Schenectady-Troy, NY",10580,393443.0,395203.0,394602.0,394983.0,397239.0,398555.0,401347.0,408327.0,410484.0,412316.0,416010.5,419705.0
"Albuquerque, NM",10740,374674.0,376276.0,377011.0,376330.0,380455.0,381558.0,382924.0,389156.0,391088.0,393075.0,395830.0,398585.0
"Alexandria, LA",10780,65195.0,64812.0,65338.0,65505.0,66123.0,66402.0,66652.0,67516.0,67823.0,68222.0,67775.5,67329.0
"Allentown-Bethlehem-Easton, PA-NJ",10900,342432.0,343948.0,343354.0,342901.0,344181.0,345251.0,345674.0,349709.0,350538.0,351530.0,355659.5,359789.0
"Altoona, PA",11020,56277.0,56201.0,56154.0,55911.0,56067.0,56007.0,55972.0,56846.0,56957.0,57025.0,56412.0,55799.0
"Amarillo, TX",11100,103039.0,103716.0,103729.0,106385.0,107463.0,107954.0,108597.0,109729.0,110049.0,110895.0,112867.5,114840.0
"Ames, IA",11180,36801.0,37091.0,37250.0,37530.0,38114.0,38558.0,39130.0,39931.0,40766.0,53393.0,53505.5,53618.0
"Anchorage, AK",11260,154449.0,156710.0,154965.0,155006.0,155631.0,156279.0,157030.0,159187.0,160219.0,161406.0,166177.5,170949.0
"Ann Arbor, MI",11460,147565.0,147508.0,147734.0,148451.0,148496.0,150083.0,149932.0,150397.0,151576.0,152272.0,155116.0,157960.0
"Anniston-Oxford, AL",11500,53321.0,53357.0,53311.0,53060.0,53287.0,53323.0,53337.0,53786.0,53888.0,53809.0,53510.0,53211.0
"Appleton, WI",11540,92928.0,93392.0,93783.0,94305.0,95106.0,95890.0,96833.0,97752.0,98531.0,99335.0,100639.5,101944.0
"Arecibo, PR",11640,,,,82605.0,81427.0,83366.0,82290.0,85321.0,83983.0,83039.0,81901.0,80763.0
"Asheville, NC",11700,213900.0,215550.0,215173.0,215388.0,216863.0,218917.0,220699.0,228680.0,230920.0,234312.0,235163.5,236015.0
"Athens-Clarke County, GA",12020,80741.0,82059.0,81771.0,81293.0,83470.0,84691.0,85795.0,85778.0,85776.0,88056.0,89613.5,91171.0
"Atlanta-Sandy Springs-Alpharetta, GA",12060,2168806.0,2169873.0,2175303.0,2191764.0,2214354.0,2240042.0,2266547.0,2299498.0,2331002.0,2364761.0,2407999.5,2451238.0
"Atlantic City-Hammonton, NJ",12100,126723.0,126784.0,127361.0,127288.0,127386.0,127879.0,128013.0,128185.0,128408.0,128951.0,130582.5,132214.0
"Auburn-Opelika, AL",12220,62660.0,63483.0,64408.0,64625.0,65570.0,66385.0,67173.0,68921.0,70372.0,71228.0,74442.0,77656.0
"Augusta-Richmond County, GA-SC",12260,238681.0,239440.0,239519.0,245369.0,248805.0,250529.0,253907.0,259389.0,259295.0,262287.0,264657.5,267028.0
"Austin-Round Rock-Georgetown, TX",12420,708643.0,723297.0,725658.0,743024.0,764778.0,784417.0,805785.0,828696.0,853697.0,882659.0,939688.5,996718.0
"Bakersfield, CA",12540,284674.0,286972.0,285867.0,288383.0,291469.0,293589.0,295240.0,297873.0,300423.0,302927.0,303396.0,303865.0
"Baltimore-Columbia-Towson, MD",12580,1133012.0,1138113.0,1139559.0,1142386.0,1150424.0,1155452.0,1161526.0,1160769.0,1164143.0,1169780.0,1182994.0,1196208.0
"Bangor, ME",12620,73909.0,74375.0,74104.0,73901.0,74275.0,74332.0,74696.0,75864.0,76144.0,76369.0,75822.5,75276.0
"Barnstable Town, MA",12700,160313.0,161015.0,160544.0,160975.0,161721.0,162116.0,162486.0,163520.0,164329.0,164686.0,165114.0,165542.0
"Baton Rouge, LA",12940,331391.0,332279.0,335867.0,337729.0,341968.0,345319.0,348689.0,354367.0,358048.0,372293.0,375880.0,379467.0
"Battle Creek, MI",12980,61009.0,60932.0,60747.0,60562.0,60685.0,60608.0,60537.0,60843.0,60879.0,60915.0,60234.0,59553.0
"Bay City, MI",13020,48200.0,48126.0,48067.0,47905.0,48020.0,47964.0,48017.0,48321.0,48345.0,48365.0,48503.0,48641.0
"Beaumont-Port Arthur, TX",13140,163179.0,162426.0,165079.0,174507.0,174712.0,175086.0,176519.0,177764.0,178050.0,172905.0,172310.5,171716.0
"Beckley, WV",13220,35956.0,35914.0,35996.0,57239.0,57532.0,57522.0,57468.0,57712.0,57683.0,57566.0,55612.0,53658.0
"Bellingham, WA",13380,90728.0,91276.0,91290.0,91396.0,92462.0,93263.0,94189.0,96626.0,97867.0,99210.0,100537.5,101865.0
"Bend, OR",13460,80187.0,80599.0,80664.0,80984.0,82420.0,83886.0,85935.0,88999.0,91040.0,92781.0,94861.5,96942.0
"Billings, MT",13740,70567.0,71605.0,71344.0,72071.0,74215.0,74707.0,76351.0,78744.0,79628.0,85312.0,84918.5,84525.0
"Binghamton, NY",13780,112753.0,112915.0,112305.0,111780.0,112006.0,111816.0,111779.0,113493.0,113860.0,114010.0,114406.5,114803.0
"Birmingham-Hoover, AL",13820,502776.0,501174.0,502814.0,503065.0,507800.0,510137.0,513842.0,517069.0,520740.0,489791.0,491613.5,493436.0
"Bismarck, ND",13900,47945.0,48577.0,49783.0,54155.0,56389.0,58103.0,58856.0,60379.0,60824.0,59959.0,59699.0,59439.0
"Blacksburg-Christiansburg, VA",13980,69941.0,71426.0,71317.0,79237.0,78992.0,79371.0,80322.0,79833.0,81873.0,71724.0,73840.5,75957.0
"Bloomington, IL",14010,,,,78220.0,78513.0,78827.0,79043.0,79635.0,80721.0,72761.0,73922.5,75084.0
"Bloomington, IN",14020,83876.0,84862.0,84680.0,69801.0,69527.0,70027.0,71220.0,71304.0,72324.0,72239.0,73028.0,73817.0
"Bloomsburg-Berwick, PA",14100,37521.0,37771.0,37559.0,37442.0,37627.0,37647.0,37758.0,38398.0,38559.0,38700.0,38264.0,37828.0
"Boise City, ID",14260,246324.0,247228.0,247910.0,251703.0,256178.0,260644.0,265422.0,275074.0,283285.0,289371.0,298984.0,308597.0
"Boston-Cambridge-Newton, MA-NH",14460,1883591.0,1891039.0,1885961.0,1889157.0,1901363.0,1917372.0,1928620.0,1955479.0,1973416.0,1985813.0,2017242.5,2048672.0
"Boulder, CO",14500,127115.0,127518.0,128106.0,129230.0,130924.0,132448.0,133775.0,135931.0,137465.0,140554.0,141849.5,143145.0
"Bowling Green, KY",14540,53998.0,54026.0,54563.0,69942.0,71018.0,71676.0,73934.0,75174.0,77072.0,77504.0,78685.0,79866.0
"Bremerton-Silverdale-Port Orchard, WA",14740,107465.0,108371.0,108094.0,108336.0,109329.0,109684.0,110398.0,112658.0,113732.0,114895.0,114836.0,114777.0
"Bridgeport-Stamford-Norwalk, CT",14860,361355.0,362760.0,361427.0,362475.0,364966.0,366129.0,368010.0,373039.0,374480.0,375368.0,378032.5,380697.0
"Brownsville-Harlingen, TX",15180,142168.0,142328.0,144029.0,144522.0,146207.0,147515.0,148665.0,151046.0,152374.0,154022.0,155696.0,157370.0
"Brunswick, GA",15260,57505.0,56784.0,58206.0,58237.0,58235.0,57780.0,59102.0,59510.0,61215.0,62209.0,60636.0,59063.0
"Buffalo-Cheektowaga, NY",15380,519128.0,518757.0,518979.0,518207.0,520369.0,520994.0,521550.0,529009.0,530321.0,531436.0,535900.5,540365.0
"Burlington, NC",15500,66672.0,67074.0,67544.0,67466.0,68101.0,68485.0,69164.0,70663.0,71655.0,72814.0,74044.5,75275.0
"Burlington-South Burlington, VT",15540,92323.0,92983.0,93125.0,93540.0,94393.0,95152.0,95990.0,97632.0,98586.0,99719.0,101032.0,102345.0
"California-Lexington Park, MD",15680,,,,42823.0,43267.0,43632.0,44191.0,44933.0,45998.0,46808.0,46506.0,46204.0
"Canton-Massillon, OH",15940,178849.0,178948.0,178693.0,178440.0,179159.0,179323.0,179433.0,180382.0,180625.0,180808.0,180768.5,180729.0
"Cape Coral-Fort Myers, FL",15980,371145.0,372119.0,372213.0,371983.0,375688.0,379060.0,385106.0,393259.0,399741.0,408569.0,418739.5,428910.0
"Cape Girardeau, MO-IL",16020,41928.0,42712.0,42085.0,42064.0,42901.0,42494.0,42903.0,43922.0,43877.0,45069.0,44560.0,44051.0
"Carbondale-Marion, IL",16060,,,,59095.0,59413.0,59565.0,59614.0,60300.0,60406.0,66120.0,65741.5,65363.0
"Carson City, NV",16180,23529.0,23567.0,23486.0,23390.0,23461.0,23448.0,23436.0,23893.0,24022.0,24348.0,24619.5,24891.0
"Casper, WY",16220,33892.0,34410.0,34891.0,35183.0,35822.0,36077.0,36256.0,36921.0,37181.0,37358.0,37204.5,37051.0
"Cedar Rapids, IA",16300,112481.0,113225.0,113291.0,113644.0,114637.0,115304.0,116278.0,117393.0,118216.0,119008.0,120449.0,121890.0
"Chambersburg-Waynesboro, PA",16540,63324.0,63859.0,63766.0,63781.0,64125.0,64316.0,64405.0,65430.0,65799.0,66195.0,66459.5,66724.0
"Champaign-Urbana, IL",16580,101358.0,101690.0,101903.0,102116.0,103311.0,104370.0,105447.0,106819.0,106732.0,102141.0,102137.0,102133.0
"Charleston, WV",16620,141910.0,140794.0,142765.0,107637.0,107528.0,108087.0,108417.0,108910.0,108280.0,129856.0,127934.5,126013.0
"Charleston-North Charleston, SC",16700,299134.0,301985.0,304392.0,307181.0,313027.0,318493.0,324390.0,332681.0,339519.0,345889.0,357997.0,370105.0
"Charlotte-Concord-Gastonia, NC-SC",16740,741184.0,742559.0,747886.0,955454.0,973099.0,989593.0,1005717.0,1028021.0,1049329.0,1084126.0,1111617.0,1139108.0
"Charlottesville, VA",16820,89335.0,90068.0,90509.0,99512.0,99207.0,101909.0,101713.0,101682.0,103303.0,97342.0,98254.5,99167.0
"Chattanooga, TN-GA",16860,234356.0,233875.0,236312.0,236065.0,237911.0,239343.0,241906.0,244041.0,245558.0,251893.0,251311.5,250730.0
"Cheyenne, WY",16940,40536.0,41095.0,40825.0,40962.0,41651.0,41960.0,42287.0,43345.0,43892.0,44385.0,44600.0,44815.0
"Chicago-Naperville-Elgin, IL-IN-WI",16980,3796750.0,3797411.0,3794491.0,3791588.0,3803831.0,3812007.0,3820657.0,3843175.0,3858653.0,3869464.0,3912812.5,3956161.0
"Chico, CA",17020,95867.0,95901.0,96000.0,96586.0,97491.0,98040.0,98439.0,99405.0,100038.0,86212.0,88260.5,90309.0
"Cincinnati, OH-KY-IN",17140,918007.0,919561.0,921419.0,914522.0,918989.0,922355.0,926012.0,932500.0,938179.0,951030.0,958033.0,965036.0
"Clarksville, TN-KY",17300,114033.0,115074.0,117158.0,112829.0,114809.0,115550.0,117111.0,118925.0,120476.0,129944.0,132051.0,134158.0
"Cleveland, TN",17420,49485.0,50551.0,50625.0,51524.0,51095.0,51038.0,51685.0,52317.0,53586.0,52950.0,53790.0,54630.0
"Cleveland-Elyria, OH",17460,955798.0,956811.0,954501.0,953523.0,956688.0,957518.0,958506.0,962092.0,963538.0,964496.0,967379.0,970262.0
"Coeur d'Alene, ID",17660,63348.0,64305.0,64288.0,64779.0,66122.0,67022.0,68307.0,70758.0,72500.0,74620.0,76444.5,78269.0
"College Station-Bryan, TX",17780,94350.0,95955.0,96277.0,99988.0,100093.0,102323.0,104701.0,107734.0,110533.0,113390.0,114942.0,116494.0
"Colorado Springs, CO",17820,264602.0,267308.0,269696.0,271918.0,275214.0,281288.0,285536.0,284800.0,288688.0,293652.0,301678.0,309704.0
"Columbia, MO",17860,73649.0,74359.0,75355.0,71896.0,73173.0,74446.0,75723.0,77404.0,78945.0,91533.0,92344.5,93156.0
"Columbia, SC",17900,331865.0,336009.0,337225.0,338671.0,341066.0,346611.0,348847.0,355633.0,359090.0,363035.0,367577.5,372120.0
"Columbus, GA-AL",17980,127486.0,127592.0,129620.0,130543.0,132216.0,131629.0,133098.0,134107.0,135253.0,141612.0,143163.5,144715.0
"Columbus, IN",18020,33105.0,33320.0,33239.0,33278.0,33547.0,33735.0,33880.0,34350.0,34532.0,34678.0,35092.5,35507.0
"Columbus, OH",18140,793030.0,796946.0,798744.0,831380.0,840063.0,845563.0,851499.0,861794.0,869414.0,877436.0,896276.5,915117.0
"Corpus Christi, TX",18580,183364.0,183640.0,185252.0,185471.0,187486.0,190036.0,192737.0,194381.0,193862.0,179677.0,181224.0,182771.0
"Corvallis, OR",18700,36258.0,36397.0,36663.0,36832.0,37115.0,37695.0,37792.0,38286.0,38442.0,39107.0,39871.5,40636.0
"Crestview-Fort Walton Beach-Destin, FL",18880,92476.0,92391.0,93399.0,140491.0,142870.0,144261.0,146008.0,149089.0,151347.0,153439.0,157139.0,160839.0
"Cumberland, MD-WV",19060,46374.0,46435.0,46371.0,46194.0,46324.0,46250.0,46223.0,46070.0,45984.0,45883.0,45603.5,45324.0
"Dallas-Fort Worth-Arlington, TX",19100,2507538.0,2532937.0,2546579.0,2602737.0,2645453.0,2685922.0,2740964.0,2794066.0,2853246.0,2878819.0,2949547.5,3020276.0
"Dalton, GA",19140,55876.0,56376.0,55656.0,55215.0,55420.0,55375.0,55339.0,56030.0,56306.0,56624.0,56029.5,55435.0
"Danville, IL",19180,36304.0,36183.0,36152.0,35946.0,36010.0,35941.0,35893.0,36084.0,36125.0,36101.0,35226.0,34351.0
"Daphne-Fairhope-Foley, AL",19300,104249.0,104704.0,105267.0,105786.0,107384.0,108580.0,110607.0,114158.0,116632.0,119425.0,123979.0,128533.0
"Davenport-Moline-Rock Island, IA-IL",19340,167257.0,167219.0,167695.0,167406.0,167892.0,168737.0,169136.0,169990.0,170244.0,170674.0,172550.5,174427.0
"Dayton-Kettering, OH",19430,,,,,,,,,,370810.0,370888.0,370966.0
"Decatur, AL",19460,66441.0,66484.0,66539.0,66307.0,66672.0,66748.0,66849.0,67503.0,67766.0,67771.0,68308.5,68846.0
"Decatur, IL",19500,50471.0,50197.0,50403.0,50248.0,50355.0,50307.0,50238.0,50433.0,50405.0,50316.0,50001.5,49687.0
"Deltona-Daytona Beach-Ormond Beach, FL",19660,254277.0,254988.0,254784.0,303228.0,305678.0,307028.0,308513.0,312055.0,314641.0,317977.0,326536.0,335095.0
"Denver-Aurora-Lakewood, CO",19740,1079346.0,1084397.0,1086263.0,1097911.0,1114105.0,1132728.0,1149070.0,1173413.0,1195543.0,1216335.0,1240684.0,1265033.0
"Des Moines-West Des Moines, IA",19780,240540.0,241711.0,245326.0,248816.0,254484.0,258084.0,263342.0,270285.0,276147.0,296946.0,302638.0,308330.0
"Detroit-Warren-Dearborn, MI",19820,1885948.0,1881683.0,1882885.0,1887929.0,1890983.0,1895784.0,1899341.0,1906028.0,1912856.0,1916951.0,1912365.5,1907780.0
"Dothan, AL",20020,66966.0,67425.0,67343.0,67446.0,68053.0,68310.0,68499.0,69364.0,69836.0,70345.0,70877.0,71409.0
"Dover, DE",20100,65484.0,66247.0,66555.0,66850.0,67862.0,68693.0,69742.0,71619.0,73086.0,74455.0,74774.0,75093.0
"Dubuque, IA",20220,39028.0,39274.0,39773.0,39988.0,40349.0,40589.0,40876.0,41331.0,41514.0,41755.0,42316.5,42878.0
"Duluth, MN-WI",20260,142401.0,142648.0,141593.0,141342.0,141916.0,142158.0,142604.0,143903.0,144323.0,152781.0,151859.5,150938.0
"Durham-Chapel Hill, NC",20500,223315.0,225885.0,226261.0,228582.0,233471.0,235649.0,239799.0,244313.0,249694.0,279480.0,284166.5,288853.0
"East Stroudsburg, PA",20700,80388.0,80605.0,80565.0,80491.0,80699.0,80718.0,80759.0,81471.0,81664.0,81828.0,80573.5,79319.0
"Eau Claire, WI",20740,69388.0,69742.0,69748.0,70039.0,70716.0,71011.0,71510.0,72574.0,73016.0,73617.0,74167.0,74717.0
"El Centro, CA",20940,56090.0,56291.0,56117.0,56492.0,56963.0,57229.0,57386.0,57742.0,57893.0,58285.0,57693.0,57101.0
"Elizabethtown-Fort Knox, KY",21060,49885.0,49841.0,51480.0,63573.0,63379.0,63708.0,64805.0,64668.0,65323.0,65167.0,64715.5,64264.0
"Elkhart-Goshen, IN",21140,77775.0,77688.0,77735.0,77550.0,77937.0,78023.0,78179.0,79000.0,79495.0,79764.0,79934.5,80105.0
"Elmira, NY",21300,38361.0,38371.0,38335.0,38264.0,38380.0,38343.0,38323.0,38840.0,38924.0,39081.0,39138.5,39196.0
"El Paso, TX",21340,270989.0,274827.0,278742.0,283516.0,288141.0,290930.0,294998.0,297751.0,300964.0,302722.0,312532.5,322343.0
"Enid, OK",21420,,,,,,,26885.0,26776.0,26802.0,26769.0,27287.0,27805.0
"Erie, PA",21500,119194.0,119401.0,119404.0,119251.0,119824.0,120096.0,120077.0,121422.0,121615.0,121861.0,120904.5,119948.0
"Eugene-Springfield, OR",21660,156175.0,157072.0,156535.0,156436.0,157908.0,159311.0,159704.0,162602.0,163490.0,164846.0,166339.0,167832.0
"Evansville, IN-KY",21780,159372.0,159617.0,159976.0,139284.0,140124.0,140556.0,141021.0,142392.0,143082.0,143393.0,142894.5,142396.0
"Fairbanks, AK",21820,41780.0,42740.0,41694.0,41606.0,41690.0,41627.0,41565.0,44302.0,44307.0,44316.0,43494.5,42673.0
"Fargo, ND-MN",22020,91883.0,93650.0,94985.0,96933.0,100080.0,103691.0,106236.0,108958.0,110709.0,112592.0,113505.5,114419.0
"Farmington, NM",22140,49380.0,49974.0,49589.0,49245.0,49613.0,49659.0,49665.0,51105.0,51273.0,51481.0,49730.5,47980.0
"Fayetteville, NC",22180,154309.0,156027.0,159794.0,161753.0,163907.0,164590.0,165658.0,167563.0,168287.0,221723.0,219550.5,217378.0
"Fayetteville-Springdale-Rogers, AR",22220,199392.0,201114.0,199935.0,201512.0,205553.0,209035.0,210872.0,216921.0,221914.0,216377.0,222461.0,228545.0
"Flagstaff, AZ",22380,63404.0,64024.0,63818.0,64664.0,64215.0,64437.0,65278.0,66057.0,66838.0,67491.0,68773.0,70055.0
"Flint, MI",22420,192097.0,191114.0,191196.0,190491.0,190905.0,190896.0,190976.0,192359.0,192614.0,192921.0,188244.5,183568.0
"Florence, SC",22500,88988.0,89491.0,89237.0,88711.0,89302.0,89429.0,89644.0,91020.0,91984.0,92831.0,91956.0,91081.0
"Florence-Muscle Shoals, AL",22520,69585.0,69762.0,69887.0,70023.0,70551.0,70686.0,70988.0,71416.0,72198.0,72483.0,72544.0,72605.0
"Fond du Lac, WI",22540,43919.0,44107.0,44149.0,44191.0,44488.0,44625.0,44718.0,45232.0,45361.0,45554.0,45733.0,45912.0
"Fort Collins, CO",22660,132776.0,133263.0,134704.0,136079.0,138540.0,140887.0,143273.0,148552.0,151840.0,154407.0,158232.5,162058.0
"Fort Smith, AR-OK",22900,129073.0,130857.0,130172.0,122109.0,123026.0,123523.0,123902.0,125026.0,125732.0,111754.0,110397.0,109040.0
"Fort Wayne, IN",23060,178575.0,178280.0,179016.0,179526.0,180658.0,181528.0,182514.0,184602.0,186072.0,175751.0,177536.0,179321.0
"Fresno, CA",23420,315965.0,318099.0,318451.0,320796.0,324158.0,326015.0,327812.0,330958.0,333809.0,336479.0,339105.5,341732.0
"Gadsden, AL",23460,47470.0,47353.0,47484.0,47302.0,47502.0,47509.0,47541.0,47751.0,47847.0,47855.0,47637.5,47420.0
"Gainesville, FL",23540,120595.0,120748.0,120580.0,120095.0,121217.0,121741.0,123183.0,124569.0,126992.0,149591.0,152732.0,155873.0
"Gainesville, GA",23580,68852.0,69429.0,68919.0,68786.0,69491.0,70098.0,70956.0,73090.0,74431.0,76167.0,77593.0,79019.0
"Gettysburg, PA",23900,40848.0,41019.0,41103.0,41053.0,41290.0,41454.0,41612.0,42344.0,42572.0,42760.0,43014.0,43268.0
"Glens Falls, NY",24020,67593.0,67884.0,67784.0,67704.0,68026.0,68219.0,68427.0,69569.0,69804.0,69928.0,69586.5,69245.0
"Goldsboro, NC",24140,52980.0,53244.0,53080.0,52786.0,53203.0,53289.0,53400.0,54250.0,54467.0,54736.0,53887.0,53038.0
"Grand Forks, ND-MN",24220,44389.0,43782.0,44518.0,44872.0,46034.0,46960.0,47373.0,48088.0,48421.0,48604.0,48565.5,48527.0
"Grand Island, NE",24260,30135.0,30153.0,30392.0,34755.0,34818.0,34997.0,35778.0,36086.0,36167.0,32123.0,31982.5,31842.0
"Grand Junction, CO",24300,62707.0,63178.0,63161.0,63202.0,63791.0,64245.0,65247.0,66404.0,67215.0,68118.0,68387.5,68657.0
"Grand Rapids-Kentwood, MI",24340,323734.0,324114.0,323761.0,405671.0,408258.0,410633.0,413597.0,420272.0,424695.0,425430.0,430698.0,435966.0
"Grants Pass, OR",24420,38006.0,38077.0,38030.0,37838.0,38023.0,38145.0,38274.0,39073.0,39354.0,39641.0,39403.0,39165.0
"Great Falls, MT",24500,37309.0,37477.0,37443.0,37365.0,37560.0,37932.0,38058.0,38839.0,39037.0,39203.0,39162.0,39121.0
"Greeley, CO",24540,96406.0,97039.0,97525.0,98242.0,100064.0,102606.0,105461.0,109893.0,112472.0,115917.0,120415.5,124914.0
"Green Bay, WI",24580,137350.0,137977.0,138702.0,139081.0,140377.0,141101.0,141841.0,143192.0,144173.0,145175.0,146305.0,147435.0
"Greensboro-High Point, NC",24660,323095.0,324725.0,325407.0,325663.0,328034.0,329927.0,332003.0,334789.0,337386.0,338972.0,339989.0,341006.0
"Greenville, NC",24780,82814.0,83127.0,83561.0,75943.0,76615.0,77329.0,77909.0,79239.0,80244.0,81250.0,81337.5,81425.0
"Greenville-Anderson, SC",24860,277635.0,278593.0,279296.0,364504.0,369044.0,372542.0,377579.0,384998.0,389673.0,395415.0,404034.5,412654.0
"Guayama, PR",25020,38591.0,35440.0,36511.0,36661.0,36678.0,36382.0,36006.0,35037.0,34073.0,33514.0,33700.0,33886.0
"Gulfport-Biloxi, MS",25060,115635.0,117650.0,118776.0,172219.0,174472.0,176195.0,177721.0,180608.0,182544.0,190325.0,188549.0,186773.0
"Hagerstown-Martinsburg, MD-WV",25180,115201.0,116282.0,116023.0,106397.0,107421.0,108148.0,108880.0,110026.0,111046.0,122621.0,124546.0,126471.0
"Hammond, LA",25220,50280.0,50797.0,51327.0,51598.0,52556.0,53142.0,53772.0,55288.0,56367.0,57545.0,58070.5,58596.0
"Hanford-Corcoran, CA",25260,43900.0,44175.0,44193.0,44522.0,44872.0,45251.0,45763.0,46399.0,46649.0,46958.0,46859.5,46761.0
"Harrisburg-Carlisle, PA",25420,241035.0,242867.0,242554.0,243317.0,245202.0,246280.0,247378.0,251254.0,252622.0,254393.0,255814.5,257236.0
"Harrisonburg, VA",25500,51231.0,52032.0,51711.0,52079.0,52600.0,52901.0,53203.0,53817.0,54152.0,54529.0,54574.5,54620.0
"Hartford-East Hartford-Middletown, CT",25540,507209.0,508999.0,507150.0,507003.0,508525.0,508982.0,509593.0,515810.0,517029.0,518329.0,521120.5,523912.0
"Hattiesburg, MS",25620,62107.0,62419.0,61589.0,61398.0,62505.0,61904.0,62008.0,61963.0,64042.0,71758.0,72747.5,73737.0
"Hickory-Lenoir-Morganton, NC",25860,162671.0,163141.0,162437.0,161364.0,162183.0,162285.0,162920.0,164528.0,165129.0,166316.0,165619.0,164922.0
"Hilton Head Island-Bluffton, SC",25940,103285.0,105879.0,104075.0,104259.0,104719.0,106442.0,107859.0,111878.0,112376.0,115366.0,115742.5,116119.0
"Hinesville, GA",25980,32368.0,33611.0,33877.0,33937.0,33779.0,34902.0,35194.0,36978.0,36355.0,36325.0,34685.0,33045.0
"Homosassa Springs, FL",26140,78092.0,78431.0,77913.0,77291.0,77717.0,77726.0,77904.0,79496.0,79988.0,80902.0,81869.5,82837.0
"Hot Springs, AR",26300,50558.0,50993.0,50531.0,50309.0,50555.0,50539.0,50573.0,50977.0,51025.0,51011.0,51745.0,52479.0
"Houma-Thibodaux, LA",26380,82608.0,82956.0,83200.0,83346.0,84240.0,84864.0,85462.0,86856.0,87332.0,87688.0,88323.0,88958.0
"Houston-The Woodlands-Sugar Land, TX",26420,2314949.0,2344060.0,2363507.0,2387114.0,2441230.0,2502275.0,2556349.0,2598478.0,2637669.0,2690001.0,2756985.0,2823969.0
"Huntington-Ashland, WV-KY-OH",26580,131118.0,130826.0,130981.0,164098.0,165632.0,165093.0,165522.0,165151.0,165837.0,168276.0,167132.5,165989.0
"Huntsville, AL",26620,182105.0,185397.0,185754.0,187421.0,189915.0,192463.0,194856.0,198029.0,200798.0,203043.0,210276.5,217510.0
"Idaho Falls, ID",26820,48963.0,48505.0,48900.0,50429.0,50977.0,51115.0,52267.0,53602.0,54807.0,55695.0,57101.0,58507.0
"Indianapolis-Carmel-Anderson, IN",26900,758866.0,762101.0,766175.0,827489.0,835923.0,842013.0,849503.0,860025.0,867509.0,875563.0,890596.0,905629.0
"Iowa City, IA",26980,65625.0,66159.0,66625.0,67176.0,68318.0,69367.0,71417.0,73603.0,74788.0,76079.0,76398.5,76718.0
"Ithaca, NY",27060,41687.0,41783.0,41765.0,41800.0,42087.0,42265.0,42445.0,43453.0,43883.0,44633.0,46001.0,47369.0
"Jackson, MI",27100,69449.0,69538.0,69145.0,68862.0,69070.0,69023.0,69005.0,69564.0,69696.0,69818.0,69513.5,69209.0
"Jackson, MS",27140,222795.0,223939.0,225413.0,234426.0,236776.0,239467.0,240857.0,242074.0,245769.0,253666.0,256783.5,259901.0
"Jackson, TN",27180,48315.0,49726.0,49260.0,55827.0,56098.0,56221.0,56338.0,56603.0,56960.0,79794.0,79762.0,79730.0
"Jacksonville, FL",27260,598524.0,601933.0,603371.0,609262.0,615239.0,622796.0,630241.0,644398.0,655462.0,669824.0,689733.0,709642.0
"Jacksonville, NC",27340,68687.0,70361.0,72614.0,74233.0,76061.0,76912.0,77793.0,79310.0,80259.0,81076.0,83495.0,85914.0
"Janesville-Beloit, WI",27500,68449.0,68483.0,68306.0,68146.0,68309.0,68314.0,68513.0,68955.0,69235.0,69429.0,70096.0,70763.0
"Jefferson City, MO",27620,63960.0,64598.0,64351.0,63732.0,63966.0,64148.0,64386.0,64682.0,65775.0,66306.0,65460.0,64614.0
"Johnson City, TN",27740,93932.0,94641.0,94818.0,94690.0,95846.0,95781.0,96173.0,97280.0,98498.0,98642.0,98062.5,97483.0
"Johnstown, PA",27780,65646.0,65449.0,65397.0,65116.0,65262.0,65142.0,64979.0,65968.0,66035.0,66019.0,65219.5,64420.0
"Jonesboro, AR",27860,51800.0,51960.0,52737.0,53493.0,54241.0,54902.0,55328.0,56455.0,57268.0,57979.0,58130.5,58282.0
"Joplin, MO",27900,74993.0,75348.0,75134.0,74955.0,75641.0,76045.0,76444.0,77445.0,76587.0,77117.0,77751.0,78385.0
"Kahului-Wailuku-Lahaina, HI",27980,70510.0,71213.0,70763.0,71237.0,71564.0,71839.0,72253.0,73077.0,73889.0,74569.0,73349.0,72129.0
"Kalamazoo-Portage, MI",28020,146801.0,146975.0,146650.0,146386.0,146951.0,147143.0,147800.0,149293.0,150185.0,113062.0,113790.0,114518.0
"Kankakee, IL",28100,45247.0,45330.0,45152.0,44987.0,45153.0,45182.0,45172.0,45495.0,45644.0,45753.0,45538.0,45323.0
"Kansas City, MO-KS",28140,881925.0,885237.0,885586.0,876401.0,884387.0,890891.0,897509.0,909213.0,917911.0,925786.0,937702.0,949618.0
"Kennewick-Richland, WA",28420,93244.0,94706.0,96339.0,97313.0,98787.0,99751.0,100961.0,104252.0,106032.0,107873.0,110073.0,112273.0
"Killeen-Temple, TX",28660,158901.0,164257.0,164304.0,166213.0,169053.0,171503.0,173349.0,175581.0,178904.0,181019.0,185497.0,189975.0
"Kingsport-Bristol, TN-VA",28700,148544.0,147634.0,147095.0,146116.0,147346.0,147362.0,147539.0,149183.0,149268.0,150167.0,149666.5,149166.0
"Kingston, NY",28740,83643.0,83852.0,83706.0,83477.0,83713.0,83808.0,83934.0,85141.0,85431.0,85616.0,85896.5,86177.0
"Knoxville, TN",28940,316925.0,317135.0,318109.0,383011.0,386341.0,389246.0,390929.0,396145.0,399186.0,392895.0,396475.0,400055.0
"Kokomo, IN",29020,45379.0,45776.0,45626.0,38510.0,38689.0,38748.0,39100.0,39521.0,39559.0,39860.0,39801.5,39743.0
"La Crosse-Onalaska, WI-MN",29100,57065.0,57276.0,57374.0,57414.0,57949.0,58103.0,58454.0,59000.0,59352.0,59829.0,60885.0,61941.0
"Lafayette, LA",29180,115795.0,116780.0,117313.0,199134.0,201867.0,204106.0,206456.0,209832.0,211681.0,213304.0,214641.0,215978.0
"Lafayette-West Lafayette, IN",29200,,,,85868.0,87861.0,88739.0,88364.0,90145.0,90200.0,96221.0,96500.0,96779.0
"Lake Charles, LA",29340,85701.0,86476.0,87483.0,87714.0,89211.0,90582.0,90937.0,94536.0,95671.0,96832.0,97012.5,97193.0
"Lake Havasu City-Kingman, AZ",29420,110908.0,111844.0,111481.0,111717.0,112307.0,112850.0,113817.0,114497.0,115269.0,116201.0,117823.5,119446.0
"Lakeland-Winter Haven, FL",29460,281278.0,281009.0,281407.0,279913.0,282748.0,284364.0,286488.0,295132.0,299432.0,304440.0,316128.5,327817.0
"Lancaster, PA",29540,203175.0,204740.0,204755.0,205018.0,206431.0,207135.0,207807.0,210887.0,212243.0,213299.0,215675.0,218051.0
"Lansing-East Lansing, MI",29620,198982.0,199043.0,199079.0,198831.0,200009.0,200399.0,201069.0,203096.0,203771.0,234598.0,235728.5,236859.0
"Laredo, TX",29700,73686.0,74536.0,75054.0,76241.0,78050.0,79704.0,81491.0,83099.0,84466.0,85800.0,86230.5,86661.0
"Las Cruces, NM",29740,81750.0,82967.0,82918.0,83132.0,84225.0,84640.0,85228.0,87842.0,89060.0,89967.0,90615.5,91264.0
"Las Vegas-Henderson-Paradise, NV",29820,841494.0,848156.0,849347.0,854128.0,863073.0,871866.0,881238.0,899735.0,913385.0,924533.0,929722.0,934911.0
"Lawrence, KS",29940,46777.0,46999.0,47371.0,47672.0,48278.0,48537.0,49287.0,50841.0,51068.0,51770.0,52535.5,53301.0
"Lawton, OK",30020,50888.0,51731.0,51295.0,54405.0,54613.0,54704.0,54681.0,54754.0,54668.0,54528.0,54939.5,55351.0
"Lebanon, PA",30140,55644.0,56041.0,55755.0,55696.0,56207.0,56479.0,56637.0,57678.0,58010.0,58258.0,58908.0,59558.0
"Lewiston, ID-WA",30300,27160.0,26980.0,26956.0,26517.0,27246.0,27504.0,28300.0,28654.0,28344.0,28969.0,28720.5,28472.0
"Lewiston-Auburn, ME",30340,49105.0,49193.0,49156.0,48960.0,49142.0,49096.0,49059.0,49824.0,50052.0,50309.0,50225.0,50141.0
"Lexington-Fayette, KY",30460,210395.0,211281.0,211522.0,213172.0,214924.0,216472.0,218335.0,220412.0,222288.0,224430.0,226583.0,228736.0
"Lima, OH",30620,44992.0,44892.0,44883.0,44755.0,44847.0,44802.0,44804.0,45039.0,45192.0,45188.0,44944.0,44700.0
"Lincoln, NE",30700,127659.0,128440.0,129452.0,130673.0,131847.0,133626.0,135575.0,138267.0,140696.0,142206.0,143706.0,145206.0
"Little Rock-North Little Rock-Conway, AR",30780,307583.0,310914.0,312301.0,314988.0,318614.0,320504.0,322939.0,325484.0,328929.0,331096.0,335600.5,340105.0
"Logan, UT-ID",30860,42013.0,41237.0,42673.0,43537.0,43905.0,44286.0,44821.0,45746.0,47047.0,48223.0,49565.5,50908.0
"Longview, TX",30980,86997.0,87249.0,88137.0,88427.0,89542.0,89809.0,90076.0,90569.0,90808.0,120460.0,121037.0,121614.0
"Longview, WA",31020,43457.0,43613.0,43419.0,43259.0,43506.0,43567.0,43630.0,44673.0,44959.0,45285.0,45571.5,45858.0
"Los Angeles-Long Beach-Anaheim, CA",31080,,,,4522461.0,4554759.0,4585390.0,4610932.0,4644923.0,4672663.0,4697571.0,4728407.5,4759244.0
"Louisville/Jefferson County, KY-IN",31140,559947.0,562161.0,562932.0,544586.0,547269.0,549573.0,553398.0,556413.0,562814.0,551989.0,558685.0,565381.0
"Lubbock, TX",31180,118765.0,118725.0,120563.0,124579.0,126878.0,128772.0,130654.0,132577.0,135468.0,136238.0,139255.0,142272.0
"Lynchburg, VA",31340,111698.0,113318.0,113005.0,114967.0,114612.0,115539.0,115744.0,116916.0,117697.0,117772.0,118105.0,118438.0
"Macon-Bibb County, GA",31420,101346.0,100237.0,101972.0,100898.0,103088.0,102735.0,102711.0,102575.0,101899.0,103354.0,104297.0,105240.0
"Madera, CA",31460,49156.0,49129.0,49422.0,49566.0,49893.0,50101.0,50205.0,50582.0,50971.0,51440.0,50716.0,49992.0
"Madison, WI",31540,253075.0,254190.0,254681.0,272145.0,275149.0,278462.0,281363.0,286714.0,290894.0,294054.0,301074.5,308095.0
"Manchester-Nashua, NH",31700,166106.0,166645.0,166755.0,166802.0,167428.0,168089.0,168696.0,171119.0,172044.0,173305.0,174977.0,176649.0
"Manhattan, KS",31740,51798.0,52286.0,52871.0,38294.0,38749.0,39373.0,39780.0,40858.0,41175.0,56719.0,56725.0,56731.0
"Mankato, MN",31860,39125.0,39310.0,39477.0,39787.0,40334.0,40661.0,41355.0,41993.0,42424.0,42853.0,42929.0,43005.0
"Mansfield, OH",31900,54578.0,54459.0,54373.0,54173.0,54262.0,54204.0,54001.0,54223.0,54173.0,54101.0,54369.0,54637.0
"Mayagüez, PR",32420,49789.0,50154.0,48631.0,49266.0,48355.0,49515.0,47959.0,48471.0,47688.0,53151.0,52340.5,51530.0
"McAllen-Edinburg-Mission, TX",32580,248989.0,250243.0,254809.0,256758.0,261199.0,264607.0,268803.0,276758.0,281655.0,285996.0,293853.5,301711.0
"Medford, OR",32780,90964.0,91346.0,91186.0,91138.0,91919.0,92845.0,93383.0,95394.0,96251.0,97268.0,96919.0,96570.0
"Memphis, TN-MS-AR",32820,550002.0,550876.0,553512.0,560986.0,564280.0,566812.0,569953.0,571862.0,574982.0,573811.0,572349.5,570888.0
"Merced, CA",32900,83690.0,83583.0,83571.0,83842.0,84180.0,84338.0,84432.0,85267.0,85766.0,86386.0,87857.0,89328.0
"Miami-Fort Lauderdale-Pompano Beach, FL",33100,2464604.0,2469575.0,2469418.0,2476266.0,2496567.0,2508362.0,2528173.0,2534993.0,2548910.0,2562497.0,2612538.5,2662580.0
"Michigan City-La Porte, IN",33140,48454.0,48455.0,48552.0,48628.0,48758.0,48768.0,48829.0,49126.0,49209.0,49317.0,49585.0,49853.0
"Midland, MI",33220,35951.0,35985.0,36032.0,36033.0,36273.0,36465.0,36535.0,36986.0,37115.0,37202.0,37089.0,36976.0
"Midland, TX",33260,54428.0,55102.0,55223.0,57962.0,60209.0,61462.0,62477.0,63177.0,63685.0,65223.0,69727.5,74232.0
"Milwaukee-Waukesha, WI",33340,669992.0,671857.0,670195.0,669901.0,671950.0,673012.0,674782.0,678822.0,681231.0,683615.0,689690.0,695765.0
"Minneapolis-St. Paul-Bloomington, MN-WI",33460,1355594.0,1359185.0,1366489.0,1406054.0,1416988.0,1425844.0,1432683.0,1447758.0,1460569.0,1469597.0,1499497.0,1529397.0
"Missoula, MT",33540,50153.0,50678.0,50730.0,50756.0,51415.0,51865.0,52325.0,53990.0,54922.0,55544.0,55514.0,55484.0
"Mobile, AL",33660,178726.0,180037.0,180484.0,180503.0,181618.0,182024.0,182640.0,183912.0,184687.0,193056.0,193169.5,193283.0
"Modesto, CA",33700,179516.0,180094.0,179199.0,179705.0,180297.0,180748.0,180822.0,181595.0,182305.0,182987.0,183449.0,183911.0
"Monroe, LA",33740,76374.0,75824.0,78250.0,77425.0,77316.0,79148.0,79584.0,82566.0,82278.0,95207.0,94820.0,94433.0
"Monroe, MI",33780,62942.0,62745.0,62813.0,63191.0,63513.0,63643.0,63694.0,64309.0,64803.0,65256.0,65751.0,66246.0
"Montgomery, AL",33860,161623.0,162100.0,163262.0,163463.0,164416.0,165532.0,165938.0,167539.0,168054.0,168417.0,170288.5,172160.0
"Morgantown, WV",34060,57143.0,59753.0,58905.0,59173.0,59543.0,59602.0,59715.0,60156.0,60241.0,60379.0,62731.5,65084.0
"Morristown, TN",34100,60440.0,61601.0,61550.0,50370.0,50662.0,50707.0,50822.0,51333.0,51551.0,63493.0,64037.5,64582.0
"Mount Vernon-Anacortes, WA",34580,51504.0,51940.0,51611.0,51542.0,51885.0,52216.0,52526.0,53807.0,54451.0,54936.0,55673.5,56411.0
"Muncie, IN",34620,52338.0,52185.0,52175.0,52198.0,52517.0,52482.0,52426.0,52728.0,52731.0,52715.0,52142.5,51570.0
"Muskegon, MI",34740,73515.0,73417.0,73314.0,73050.0,73328.0,73317.0,73452.0,74112.0,74301.0,74496.0,74681.5,74867.0
"Myrtle Beach-Conway-North Myrtle Beach, SC-NC",34820,186294.0,188896.0,188590.0,268903.0,274528.0,279205.0,284739.0,294614.0,302984.0,309922.0,306558.0,303194.0
"Napa, CA",34900,54769.0,54928.0,54736.0,54939.0,55322.0,55480.0,55535.0,55858.0,55465.0,55659.0,55489.0,55319.0
"Naples-Marco Island, FL",34940,197463.0,198432.0,199397.0,200285.0,203099.0,206384.0,210147.0,214429.0,218279.0,222289.0,227962.0,233635.0
"Nashville-Davidson--Murfreesboro--Franklin, TN",34980,669349.0,676139.0,677223.0,718572.0,730825.0,744743.0,760853.0,779973.0,801341.0,806178.0,832753.5,859329.0
"New Bern, NC",35100,57970.0,58267.0,58984.0,58178.0,57975.0,57959.0,58402.0,60205.0,60397.0,61309.0,59958.0,58607.0
"New Haven-Milford, CT",35300,361966.0,363243.0,361884.0,361452.0,362307.0,362707.0,363122.0,367217.0,367766.0,368680.0,369729.5,370779.0
"New Orleans-Metairie, LA",35380,538739.0,544200.0,541277.0,550584.0,553396.0,555769.0,558394.0,558376.0,559529.0,561747.0,569208.0,576669.0
"New York-Newark-Jersey City, NY-NJ-PA",35620,7528017.0,7537642.0,7554367.0,7822053.0,7880970.0,7892766.0,7919292.0,7983770.0,8021225.0,7797416.0,7912066.0,8026716.0
"Niles, MI",35660,76903.0,76769.0,76725.0,76540.0,76737.0,76802.0,76836.0,77508.0,77645.0,77902.0,77468.5,77035.0
"North Port-Sarasota-Bradenton, FL",35840,401323.0,403002.0,403561.0,404062.0,410031.0,414730.0,420970.0,431043.0,438587.0,448252.0,459770.0,471288.0
"Norwich-New London, CT",35980,121061.0,121663.0,120993.0,120834.0,121263.0,121660.0,121911.0,123404.0,123618.0,124208.0,123798.0,123388.0
"Ocala, FL",36100,164028.0,164037.0,163729.0,162442.0,163560.0,163801.0,164414.0,168373.0,170513.0,173200.0,177471.5,181743.0
"Ocean City, NJ",36140,98373.0,98025.0,98653.0,98680.0,98928.0,99005.0,99233.0,99246.0,99427.0,99630.0,99431.5,99233.0
"Odessa, TX",36220,53070.0,53275.0,54309.0,55034.0,56510.0,57024.0,57602.0,58178.0,58685.0,59599.0,63629.5,67660.0
"Ogden-Clearfield, UT",36260,187689.0,189022.0,189581.0,209368.0,212268.0,215344.0,218053.0,223141.0,226478.0,230000.0,235287.0,240574.0
"Oklahoma City, OK",36420,538657.0,544019.0,544644.0,549299.0,557408.0,564489.0,569655.0,575087.0,579416.0,582820.0,599273.0,615726.0
"Olympia-Lacey-Tumwater, WA",36500,108458.0,109944.0,110057.0,110401.0,111797.0,112535.0,113314.0,116820.0,117860.0,119553.0,121294.0,123035.0
"Omaha-Council Bluffs, NE-IA",36540,363171.0,366213.0,367763.0,369764.0,374241.0,377960.0,381181.0,386439.0,390387.0,394296.0,400568.0,406840.0
"Orlando-Kissimmee-Sanford, FL",36740,943029.0,950008.0,950754.0,958298.0,974694.0,988969.0,1007557.0,1033259.0,1050682.0,1077100.0,1097144.5,1117189.0
"Oshkosh-Neenah, WI",36780,73389.0,73737.0,73780.0,73795.0,74207.0,74531.0,75111.0,75633.0,76015.0,76311.0,76432.5,76554.0
"Owensboro, KY",36980,49636.0,49929.0,50096.0,50064.0,50396.0,50821.0,51140.0,51774.0,51605.0,51844.0,52104.5,52365.0
"Oxnard-Thousand Oaks-Ventura, CA",37100,281681.0,282521.0,281700.0,282819.0,284527.0,285889.0,286905.0,288778.0,290984.0,291547.0,293096.0,294645.0
"Palm Bay-Melbourne-Titusville, FL",37340,269975.0,270544.0,270773.0,270641.0,272283.0,273134.0,274559.0,278139.0,280390.0,282830.0,288533.5,294237.0
"Panama City, FL",37460,99690.0,99824.0,99790.0,108420.0,109797.0,109937.0,110988.0,112746.0,114504.0,104764.0,105454.0,106144.0
"Parkersburg-Vienna, WV",37620,75146.0,74908.0,75578.0,43742.0,43301.0,43659.0,43194.0,43836.0,43680.0,43616.0,43394.0,43172.0
"Pensacola-Ferry Pass-Brent, FL",37860,201613.0,202260.0,203515.0,203897.0,206220.0,207635.0,209846.0,213304.0,215510.0,217666.0,221867.0,226068.0
"Peoria, IL",37900,164540.0,164743.0,164543.0,165005.0,165392.0,165966.0,166323.0,167029.0,166773.0,183393.0,183441.0,183489.0
"Philadelphia-Camden-Wilmington, PA-NJ-DE-MD",37980,2434185.0,2439915.0,2437382.0,2438273.0,2448985.0,2455550.0,2462218.0,2488108.0,2497446.0,2507446.0,2555259.5,2603073.0
"Phoenix-Mesa-Chandler, AZ",38060,1800056.0,1813074.0,1817083.0,1832488.0,1845898.0,1860113.0,1882098.0,1911877.0,1940167.0,1970654.0,1999487.5,2028321.0
"Pine Bluff, AR",38220,42160.0,41835.0,42051.0,42088.0,42570.0,42522.0,42509.0,41715.0,42308.0,42743.0,40529.5,38316.0
"Pittsburgh, PA",38300,1102173.0,1101310.0,1102289.0,1100717.0,1105960.0,1107498.0,1109924.0,1126506.0,1130046.0,1133294.0,1131410.5,1129527.0
"Pittsfield, MA",38340,68502.0,68500.0,68349.0,68248.0,68333.0,68406.0,68451.0,69240.0,69393.0,69223.0,69604.0,69985.0
"Pocatello, ID",38540,36116.0,36267.0,36453.0,33178.0,33369.0,33456.0,33566.0,34225.0,34441.0,38313.0,38485.5,38658.0
"Ponce, PR",38660,99965.0,96605.0,95221.0,139291.0,137647.0,137693.0,138560.0,135907.0,136972.0,100825.0,99837.0,98849.0
"Portland-South Portland, ME",38860,262881.0,264069.0,263856.0,263958.0,265977.0,267097.0,268504.0,273401.0,275704.0,278168.0,281086.5,284005.0
"Portland-Vancouver-Hillsboro, OR-WA",38900,925762.0,930446.0,931271.0,935376.0,946580.0,960500.0,972088.0,992546.0,1008538.0,1021843.0,1036471.0,1051099.0
"Port St. Lucie, FL",38940,215170.0,215940.0,215315.0,214956.0,216298.0,217326.0,218566.0,221182.0,223168.0,226839.0,231092.0,235345.0
"Poughkeepsie-Newburgh-Middletown, NY",39100,255783.0,257006.0,257082.0,,,,,,,266764.0,268809.0,270854.0
"Prescott Valley-Prescott, AZ",39150,,,,,,,,,,120652.0,122269.0,123886.0
"Providence-Warwick, RI-MA",39300,693936.0,695832.0,692922.0,691930.0,693915.0,694169.0,694687.0,703740.0,705461.0,707080.0,718117.0,729154.0
"Provo-Orem, UT",39340,152452.0,154139.0,155556.0,157589.0,161303.0,165983.0,170251.0,176225.0,183774.0,190792.0,198070.0,205348.0
"Pueblo, CO",39380,69579.0,69974.0,69591.0,69721.0,70071.0,70142.0,70286.0,71116.0,71451.0,71897.0,72440.0,72983.0
"Punta Gorda, FL",39460,100659.0,100614.0,100918.0,100681.0,101363.0,101781.0,102717.0,103986.0,105164.0,107124.0,110296.5,113469.0
"Racine, WI",39540,82209.0,82452.0,82170.0,82057.0,82283.0,82334.0,82374.0,82775.0,82908.0,83124.0,83868.0,84612.0
"Raleigh-Cary, NC",39580,466896.0,472047.0,476659.0,487363.0,499039.0,509680.0,520444.0,534938.0,548200.0,562945.0,579351.0,595757.0
"Rapid City, SD",39660,56020.0,56442.0,57053.0,61541.0,62996.0,63314.0,63096.0,65242.0,65885.0,62624.0,62606.5,62589.0
"Reading, PA",39740,164861.0,165301.0,164689.0,164253.0,164846.0,164907.0,164961.0,167054.0,167383.0,167863.0,169580.5,171298.0
"Redding, CA",39820,77334.0,77340.0,77308.0,77533.0,77916.0,78112.0,78303.0,78846.0,79187.0,78621.0,79167.0,79713.0
"Reno, NV",39900,186680.0,187834.0,187575.0,187156.0,189622.0,191187.0,193661.0,199160.0,203338.0,207113.0,210994.5,214876.0
"Richmond, VA",40060,532520.0,537564.0,534929.0,512757.0,518539.0,521123.0,527371.0,528640.0,535243.0,533680.0,546536.5,559393.0
"Riverside-San Bernardino-Ontario, CA",40140,1501257.0,1509320.0,1505250.0,1514353.0,1528375.0,1538540.0,1545768.0,1559532.0,1574567.0,1588615.0,1591600.5,1594586.0
"Roanoke, VA",40220,145460.0,145489.0,145689.0,143739.0,145272.0,145389.0,145570.0,147119.0,147101.0,146848.0,147655.0,148462.0
"Rochester, MN",40340,78557.0,78921.0,78975.0,88992.0,89676.0,90304.0,91883.0,93990.0,95278.0,96944.0,97657.0,98370.0
"Rochester, NY",40380,455593.0,457585.0,456171.0,469247.0,473694.0,475834.0,478158.0,480993.0,482352.0,484126.0,487991.5,491857.0
"Rockford, IL",40420,145931.0,146001.0,145731.0,145360.0,145523.0,145399.0,145284.0,145798.0,145829.0,145799.0,145489.5,145180.0
"Rocky Mount, NC",40580,67146.0,67199.0,67104.0,66675.0,67063.0,67080.0,67280.0,68063.0,68181.0,68394.0,67490.5,66587.0
"Rome, GA",40660,40555.0,40589.0,40485.0,40326.0,40423.0,40413.0,40416.0,40591.0,40639.0,40764.0,40762.5,40761.0
"Sacramento-Roseville-Folsom, CA",40900,872146.0,875027.0,874070.0,878895.0,884989.0,889065.0,893869.0,901954.0,911214.0,918822.0,931211.5,943601.0
"Saginaw, MI",40980,86814.0,86486.0,86636.0,86531.0,86792.0,86824.0,87039.0,87586.0,87810.0,88021.0,87077.0,86133.0
"St. Cloud, MN",41060,78183.0,78639.0,78505.0,78798.0,79387.0,79770.0,80459.0,81817.0,82549.0,83168.0,83425.0,83682.0
"St. George, UT",41100,57859.0,58392.0,59405.0,60528.0,62439.0,63957.0,65472.0,68214.0,71349.0,74135.0,76560.5,78986.0
"St. Joseph, MO-KS",41140,54113.0,53664.0,53657.0,53476.0,53905.0,53365.0,54125.0,53923.0,54038.0,54154.0,53874.5,53595.0
"St. Louis, MO-IL",41180,1236146.0,1239878.0,1240345.0,1229930.0,1236725.0,1241719.0,1246499.0,1256704.0,1262336.0,1267434.0,1266773.5,1266113.0
"Salem, OR",41420,151392.0,152192.0,152054.0,152051.0,153049.0,154626.0,155643.0,158273.0,159836.0,161596.0,163214.5,164833.0
"Salinas, CA",41500,139034.0,138811.0,138871.0,139386.0,140143.0,140491.0,140819.0,141653.0,142414.0,143213.0,143789.0,144365.0
"Salisbury, MD-DE",41540,52579.0,52599.0,52310.0,234247.0,237372.0,240002.0,242951.0,249199.0,251638.0,254749.0,257026.0,259303.0
"Salt Lake City, UT",41620,412145.0,416355.0,415896.0,391524.0,396858.0,401482.0,407568.0,419008.0,426150.0,434654.0,449639.0,464624.0
"San Angelo, TX",41660,47602.0,48104.0,47723.0,47923.0,48584.0,49153.0,49397.0,49355.0,49393.0,50323.0,51825.5,53328.0
"San Antonio-New Braunfels, TX",41700,838096.0,847625.0,851567.0,855428.0,862036.0,871757.0,880596.0,893291.0,905875.0,914421.0,975262.0,1036103.0
"San Diego-Chula Vista-Carlsbad, CA",41740,1165043.0,1168705.0,1169225.0,1176799.0,1187693.0,1194494.0,1202397.0,1214271.0,1224390.0,1233923.0,1235804.0,1237685.0
"San Francisco-Oakland-Berkeley, CA",41860,1742078.0,1747155.0,1743711.0,1756717.0,1771685.0,1782375.0,1792249.0,1808895.0,1825205.0,1841897.0,1853494.0,1865091.0
"San Germán, PR",41900,72156.0,67952.0,68257.0,67568.0,68174.0,68980.0,67557.0,68661.0,67704.0,67903.0,66503.5,65104.0
"San Jose-Sunnyvale-Santa Clara, CA",41940,650232.0,650655.0,654168.0,660597.0,669279.0,678834.0,683505.0,690031.0,697955.0,706285.0,710264.5,714244.0
"San Juan-Bayamón-Caguas, PR",41980,1066555.0,1023598.0,1040872.0,984541.0,984688.0,984768.0,972658.0,975602.0,971988.0,975423.0,965806.0,956189.0
"San Luis Obispo-Paso Robles, CA",42020,117353.0,117459.0,117552.0,118213.0,119138.0,120134.0,120866.0,121918.0,122971.0,123969.0,124353.0,124737.0
"Santa Cruz-Watsonville, CA",42100,104444.0,104447.0,104286.0,104677.0,105251.0,105525.0,105635.0,106329.0,106718.0,107137.0,106839.0,106541.0
"Santa Fe, NM",42140,71290.0,72231.0,71567.0,71357.0,71726.0,71877.0,71875.0,73156.0,73463.0,73550.0,75621.0,77692.0
"Santa Maria-Santa Barbara, CA",42200,,,,153526.0,154414.0,155143.0,155962.0,157049.0,158315.0,159286.0,159528.5,159771.0
"Santa Rosa-Petaluma, CA",42220,204595.0,205383.0,204760.0,205684.0,207220.0,207891.0,208153.0,209308.0,205247.0,208293.0,207095.5,205898.0
"Savannah, GA",42340,151355.0,152568.0,152992.0,153278.0,156071.0,157523.0,159994.0,161124.0,163292.0,165682.0,172123.5,178565.0
"Scranton--Wilkes-Barre, PA",42540,258635.0,258515.0,258435.0,257509.0,258192.0,259918.0,259914.0,264141.0,264517.0,264847.0,264361.5,263876.0
"Seattle-Tacoma-Bellevue, WA",42660,1464588.0,1471126.0,1478935.0,1491052.0,1510981.0,1530004.0,1552272.0,1590775.0,1617428.0,1644721.0,1661845.0,1678969.0
"Sebastian-Vero Beach, FL",42680,76387.0,76253.0,76734.0,76710.0,77342.0,77905.0,78629.0,80017.0,81037.0,82262.0,83620.5,84979.0
"Sebring-Avon Park, FL",42700,55368.0,55284.0,55210.0,54675.0,54894.0,54819.0,54842.0,55647.0,55760.0,56119.0,57020.5,57922.0
"Sheboygan, WI",43100,50766.0,50838.0,50640.0,50487.0,50611.0,50599.0,50606.0,51044.0,51352.0,51418.0,52017.5,52617.0
"Sherman-Denison, TX",43300,53746.0,53975.0,54021.0,53865.0,54398.0,54668.0,54966.0,55876.0,56735.0,57459.0,58747.0,60035.0
"Shreveport-Bossier City, LA",43340,174258.0,174092.0,176205.0,196333.0,198597.0,200198.0,201159.0,203124.0,204144.0,185281.0,183181.5,181082.0
"Sierra Vista-Douglas, AZ",43420,59108.0,59469.0,59901.0,60286.0,60506.0,60600.0,60871.0,61064.0,61318.0,61588.0,60373.5,59159.0
"Sioux City, IA-NE-SD",43580,57873.0,58160.0,59110.0,68575.0,69002.0,68594.0,70274.0,70429.0,71056.0,60583.0,60562.5,60542.0
"Sioux Falls, SD",43620,96338.0,97539.0,97908.0,99245.0,101462.0,103773.0,105409.0,108942.0,111652.0,113783.0,117049.5,120316.0
"South Bend-Mishawaka, IN-MI",43780,140757.0,140721.0,140839.0,140926.0,141495.0,141703.0,141949.0,142785.0,143517.0,144022.0,143935.5,143849.0
"Spartanburg, SC",43900,122729.0,122945.0,123161.0,136989.0,138533.0,139356.0,140500.0,143287.0,145544.0,134034.0,137432.0,140830.0
"Spokane-Spokane Valley, WA",44060,201782.0,203173.0,204024.0,232129.0,233958.0,237012.0,239217.0,245764.0,249137.0,245158.0,247775.5,250393.0
"Springfield, IL",44100,95595.0,95783.0,95716.0,95838.0,96311.0,96342.0,96251.0,96999.0,97663.0,98006.0,98297.0,98588.0
"Springfield, MA",44140,288521.0,288784.0,288112.0,254137.0,254673.0,255002.0,255189.0,257569.0,257938.0,292482.0,295418.5,298355.0
"Springfield, MO",44180,192411.0,193496.0,193682.0,195389.0,197091.0,197902.0,199947.0,203654.0,205574.0,206410.0,207627.0,208844.0
"Springfield, OH",44220,61405.0,61206.0,61260.0,61078.0,61182.0,61113.0,61032.0,61265.0,61307.0,61251.0,61151.0,61051.0
"State College, PA",44300,63363.0,64109.0,63743.0,64286.0,65105.0,65474.0,65766.0,66733.0,67155.0,67401.0,66627.5,65854.0
"Staunton, VA",44420,50833.0,53120.0,53559.0,53341.0,54325.0,53334.0,55603.0,53875.0,55170.0,56230.0,56022.5,55815.0
"Stockton, CA",44700,233873.0,234820.0,234605.0,235940.0,237547.0,238626.0,240618.0,242821.0,245561.0,248673.0,251936.0,255199.0
"Sumter, SC",44940,46081.0,46304.0,46461.0,46314.0,47021.0,47181.0,47275.0,48067.0,48282.0,66579.0,64889.0,63199.0
"Syracuse, NY",45060,287812.0,288184.0,288598.0,288766.0,289930.0,290445.0,290969.0,295365.0,296359.0,296954.0,297042.5,297131.0
"Tallahassee, FL",45220,163144.0,163641.0,163754.0,163834.0,163609.0,167160.0,164776.0,168611.0,171457.0,177198.0,176153.5,175109.0
"Tampa-St. Petersburg-Clearwater, FL",45300,1354211.0,1360294.0,1359858.0,1361867.0,1375780.0,1385082.0,1397857.0,1419660.0,1435447.0,1450652.0,1470051.0,1489450.0
"Terre Haute, IN",45460,74263.0,74385.0,74432.0,74089.0,73919.0,74229.0,74429.0,74525.0,75293.0,83440.0,82905.0,82370.0
"Texarkana, TX-AR",45500,57849.0,57998.0,58267.0,64667.0,64576.0,65193.0,64978.0,66287.0,66700.0,66283.0,66053.0,65823.0
"The Villages, FL",45540,53514.0,55982.0,58035.0,60504.0,64503.0,66838.0,68201.0,70572.0,72372.0,74248.0,76966.0,79684.0
"Toledo, OH",45780,301281.0,301200.0,300939.0,272468.0,273328.0,273783.0,273236.0,274721.0,275164.0,304246.0,304434.0,304622.0
"Topeka, KS",45820,103546.0,104855.0,103975.0,103872.0,104225.0,104321.0,104465.0,105215.0,105397.0,105564.0,105209.5,104855.0
"Trenton-Princeton, NJ",45940,143178.0,143392.0,144051.0,144228.0,144999.0,144485.0,144734.0,144902.0,145132.0,145133.0,147894.0,150655.0
"Tucson, AZ",46060,441244.0,442471.0,444349.0,446987.0,448835.0,452104.0,456576.0,459912.0,462778.0,466337.0,470570.5,474804.0
"Tulsa, OK",46140,410553.0,413357.0,414786.0,416619.0,421147.0,424992.0,428464.0,431808.0,434806.0,436691.0,439554.5,442418.0
"Tuscaloosa, AL",46220,98468.0,98346.0,98715.0,102036.0,104442.0,105963.0,106252.0,108902.0,110843.0,115441.0,119357.0,123273.0
"Twin Falls, ID",46300,41200.0,38231.0,39906.0,39529.0,40577.0,40450.0,41271.0,41909.0,42170.0,42611.0,43724.0,44837.0
"Tyler, TX",46340,87349.0,88716.0,87755.0,87737.0,88447.0,88869.0,89331.0,90324.0,91101.0,91844.0,95250.0,98656.0
"Urban Honolulu, HI",46520,,,,340416.0,343031.0,344075.0,347458.0,350819.0,352582.0,354719.0,363660.5,372602.0
"Utica-Rome, NY",46540,137575.0,137705.0,137314.0,136814.0,137324.0,137171.0,137077.0,139077.0,139326.0,139532.0,138588.0,137644.0
"Valdosta, GA",46660,56626.0,57537.0,57433.0,57971.0,58587.0,58987.0,60592.0,62511.0,62704.0,63755.0,63729.5,63704.0
"Vallejo, CA",46700,152784.0,153295.0,153035.0,153867.0,154997.0,155637.0,156826.0,157915.0,158815.0,159804.0,161572.0,163340.0
"Victoria, TX",47020,50011.0,50128.0,50124.0,38774.0,39717.0,41107.0,40931.0,40758.0,41067.0,40830.0,42506.5,44183.0
"Vineland-Bridgeton, NJ",47220,55856.0,55933.0,56242.0,56196.0,56363.0,56358.0,56426.0,56446.0,56497.0,56471.0,56837.5,57204.0
"Virginia Beach-Norfolk-Newport News, VA-NC",47260,686109.0,689061.0,692137.0,700916.0,708273.0,711988.0,716725.0,719941.0,721597.0,742006.0,755083.0,768160.0
"Visalia, CA",47300,141898.0,142924.0,143458.0,144323.0,145500.0,146554.0,147537.0,148986.0,150217.0,151599.0,152164.0,152729.0
"Waco, TX",47380,95273.0,95961.0,96063.0,104191.0,105853.0,106699.0,107692.0,110437.0,110987.0,111836.0,113024.0,114212.0
"Walla Walla, WA",47460,,,,25893.0,25876.0,26252.0,26303.0,26756.0,27382.0,25100.0,25134.0,25168.0
"Warner Robins, GA",47580,58462.0,58841.0,59469.0,75140.0,77387.0,76475.0,77109.0,78684.0,79525.0,77309.0,78522.0,79735.0
"Washington-Arlington-Alexandria, DC-VA-MD-WV",47900,2217947.0,2230987.0,2241288.0,2278936.0,2304073.0,2324965.0,2342764.0,2354827.0,2374883.0,2401483.0,2463600.0,2525717.0
"Waterloo-Cedar Falls, IA",47940,71001.0,71637.0,71771.0,72089.0,72567.0,72825.0,73141.0,73855.0,74416.0,74636.0,74740.5,74845.0
"Watertown-Fort Drum, NY",48060,57979.0,58228.0,58197.0,58148.0,58780.0,59129.0,59116.0,59946.0,60041.0,60160.0,60937.0,61714.0
"Wausau-Weston, WI",48140,57785.0,57874.0,58011.0,58051.0,58379.0,58629.0,58716.0,59217.0,59706.0,77280.0,76854.0,76428.0
"Weirton-Steubenville, WV-OH",48260,,,,57611.0,58343.0,58281.0,57426.0,57002.0,58798.0,57544.0,56557.0,55570.0
"Wenatchee, WA",48300,51517.0,52058.0,51755.0,51707.0,52473.0,52787.0,53240.0,54620.0,55248.0,56052.0,55936.0,55820.0
"Wheeling, WV-OH",48540,69501.0,69370.0,69259.0,68905.0,69055.0,68950.0,68881.0,68908.0,68798.0,68802.0,68109.5,67417.0
"Wichita, KS",48620,262918.0,264485.0,264342.0,268542.0,270272.0,271004.0,272449.0,275536.0,277530.0,275445.0,276554.5,277664.0
"Wichita Falls, TX",48660,64869.0,64307.0,64959.0,64989.0,65310.0,65403.0,65394.0,65409.0,65446.0,65705.0,65213.5,64722.0
"Williamsport, PA",48700,52499.0,52268.0,52533.0,52409.0,52639.0,52677.0,52690.0,53432.0,53530.0,53647.0,53151.5,52656.0
"Wilmington, NC",48900,205962.0,207144.0,208373.0,130349.0,132764.0,134640.0,137086.0,140330.0,142860.0,144853.0,146309.5,147766.0
"Winchester, VA-WV",49020,56721.0,58181.0,57170.0,57037.0,58711.0,57858.0,61152.0,59978.0,61985.0,60227.0,60718.0,61209.0
"Winston-Salem, NC",49180,214551.0,215498.0,216006.0,288615.0,290878.0,292333.0,294572.0,297681.0,301150.0,303972.0,305046.0,306120.0
"Worcester, MA-CT",49340,326963.0,328606.0,327427.0,376556.0,378239.0,379264.0,379980.0,384726.0,386302.0,387845.0,395710.5,403576.0
"Yakima, WA",49420,85552.0,85905.0,86032.0,85898.0,86370.0,86568.0,86728.0,88610.0,89129.0,89751.0,90553.0,91355.0
"Yauco, PR",49500,45643.0,44659.0,43735.0,,,,,,,44628.0,44248.5,43869.0
"York-Hanover, PA",49620,178828.0,179817.0,179687.0,179614.0,180662.0,181066.0,181463.0,184156.0,184880.0,185652.0,187122.0,188592.0
"Youngstown-Warren-Boardman, OH-PA",49660,259656.0,258934.0,258806.0,257919.0,258434.0,258250.0,257872.0,259410.0,259297.0,259281.0,256253.0,253225.0
"Yuba City, CA",49700,61513.0,61428.0,61489.0,61700.0,62114.0,62392.0,62654.0,63008.0,63163.0,63628.0,64122.0,64616.0
"Yuma, AZ",49740,87945.0,88142.0,88972.0,89610.0,89909.0,90485.0,91314.0,92441.0,93571.0,94648.0,94222.5,93797.0
